Land;Jahr;Anteil_BIP_Prozent;Militaerausgaben_Mio_USD_konst2023;Quelle
Aegypten;2015;1,71;k.A.;SIPRI Military Expenditure Database / defensebudget.org / Weltbank
Aegypten;2016;1,69;k.A.;SIPRI Military Expenditure Database / defensebudget.org / Weltbank
Aegypten;2017;1,73;k.A.;SIPRI Military Expenditure Database / defensebudget.org / Weltbank
Aegypten;2018;1,3;k.A.;SIPRI Military Expenditure Database / defensebudget.org / Weltbank
Aegypten;2019;1,3;k.A.;SIPRI Military Expenditure Database / defensebudget.org / Weltbank
Aegypten;2020;1,24;k.A.;SIPRI Military Expenditure Database / defensebudget.org / Weltbank
Aegypten;2021;1,22;k.A.;SIPRI Military Expenditure Database / defensebudget.org / Weltbank
Aegypten;2022;1,24;k.A.;SIPRI Military Expenditure Database / defensebudget.org / Weltbank
Aegypten;2023;1,19;k.A.;SIPRI Military Expenditure Database / defensebudget.org / Weltbank
Aegypten;2024;1,5;k.A.;SIPRI Military Expenditure Database / defensebudget.org / Weltbank
Aethiopien;2015;0,68;k.A.;SIPRI Military Expenditure Database / defensebudget.org / Weltbank
Aethiopien;2016;0,74;k.A.;SIPRI Military Expenditure Database / defensebudget.org / Weltbank
Aethiopien;2017;0,65;k.A.;SIPRI Military Expenditure Database / defensebudget.org / Weltbank
Aethiopien;2018;0,56;k.A.;SIPRI Military Expenditure Database / defensebudget.org / Weltbank
Aethiopien;2019;0,54;k.A.;SIPRI Military Expenditure Database / defensebudget.org / Weltbank
Aethiopien;2020;0,63;k.A.;SIPRI Military Expenditure Database / defensebudget.org / Weltbank
Aethiopien;2021;0,98;k.A.;SIPRI Military Expenditure Database / defensebudget.org / Weltbank
Aethiopien;2022;0,74;k.A.;SIPRI Military Expenditure Database / defensebudget.org / Weltbank
Aethiopien;2023;0,65;k.A.;SIPRI Military Expenditure Database / defensebudget.org / Weltbank
Aethiopien;2024;0,67;k.A.;SIPRI Military Expenditure Database / defensebudget.org / Weltbank
Afghanistan;2015;1,29;k.A.;SIPRI Military Expenditure Database / defensebudget.org / Weltbank
Afghanistan;2016;1,28;k.A.;SIPRI Military Expenditure Database / defensebudget.org / Weltbank
Afghanistan;2017;1,22;k.A.;SIPRI Military Expenditure Database / defensebudget.org / Weltbank
Afghanistan;2018;1,15;k.A.;SIPRI Military Expenditure Database / defensebudget.org / Weltbank
Afghanistan;2019;1,25;k.A.;SIPRI Military Expenditure Database / defensebudget.org / Weltbank
Afghanistan;2020;1,26;k.A.;SIPRI Military Expenditure Database / defensebudget.org / Weltbank
Afghanistan;2021;k.A.;k.A.;SIPRI Military Expenditure Database / defensebudget.org / Weltbank
Afghanistan;2022;k.A.;k.A.;SIPRI Military Expenditure Database / defensebudget.org / Weltbank
Afghanistan;2023;k.A.;k.A.;SIPRI Military Expenditure Database / defensebudget.org / Weltbank
Afghanistan;2024;k.A.;k.A.;SIPRI Military Expenditure Database / defensebudget.org / Weltbank
Albanien;2015;1,21;k.A.;SIPRI Military Expenditure Database / defensebudget.org / Weltbank
Albanien;2016;1,17;k.A.;SIPRI Military Expenditure Database / defensebudget.org / Weltbank
Albanien;2017;1,23;k.A.;SIPRI Military Expenditure Database / defensebudget.org / Weltbank
Albanien;2018;1,31;k.A.;SIPRI Military Expenditure Database / defensebudget.org / Weltbank
Albanien;2019;1,36;k.A.;SIPRI Military Expenditure Database / defensebudget.org / Weltbank
Albanien;2020;1,59;k.A.;SIPRI Military Expenditure Database / defensebudget.org / Weltbank
Albanien;2021;1,68;k.A.;SIPRI Military Expenditure Database / defensebudget.org / Weltbank
Albanien;2022;1,56;k.A.;SIPRI Military Expenditure Database / defensebudget.org / Weltbank
Albanien;2023;1,72;k.A.;SIPRI Military Expenditure Database / defensebudget.org / Weltbank
Albanien;2024;2,03;k.A.;SIPRI Military Expenditure Database / defensebudget.org / Weltbank
Algerien;2015;6,22;k.A.;SIPRI Military Expenditure Database / defensebudget.org / Weltbank
Algerien;2016;5,81;k.A.;SIPRI Military Expenditure Database / defensebudget.org / Weltbank
Algerien;2017;5,82;k.A.;SIPRI Military Expenditure Database / defensebudget.org / Weltbank
Algerien;2018;5,51;k.A.;SIPRI Military Expenditure Database / defensebudget.org / Weltbank
Algerien;2019;6,04;k.A.;SIPRI Military Expenditure Database / defensebudget.org / Weltbank
Algerien;2020;6,7;k.A.;SIPRI Military Expenditure Database / defensebudget.org / Weltbank
Algerien;2021;5,65;k.A.;SIPRI Military Expenditure Database / defensebudget.org / Weltbank
Algerien;2022;4,81;k.A.;SIPRI Military Expenditure Database / defensebudget.org / Weltbank
Algerien;2023;4,88;k.A.;SIPRI Military Expenditure Database / defensebudget.org / Weltbank
Algerien;2024;5,04;k.A.;SIPRI Military Expenditure Database / defensebudget.org / Weltbank
Angola;2015;1,77;k.A.;SIPRI Military Expenditure Database / defensebudget.org / Weltbank
Angola;2016;2,25;k.A.;SIPRI Military Expenditure Database / defensebudget.org / Weltbank
Angola;2017;2,29;k.A.;SIPRI Military Expenditure Database / defensebudget.org / Weltbank
Angola;2018;1,76;k.A.;SIPRI Military Expenditure Database / defensebudget.org / Weltbank
Angola;2019;1,57;k.A.;SIPRI Military Expenditure Database / defensebudget.org / Weltbank
Angola;2020;1,72;k.A.;SIPRI Military Expenditure Database / defensebudget.org / Weltbank
Angola;2021;1,47;k.A.;SIPRI Military Expenditure Database / defensebudget.org / Weltbank
Angola;2022;1,35;k.A.;SIPRI Military Expenditure Database / defensebudget.org / Weltbank
Angola;2023;1,32;k.A.;SIPRI Military Expenditure Database / defensebudget.org / Weltbank
Angola;2024;1,34;k.A.;SIPRI Military Expenditure Database / defensebudget.org / Weltbank
Argentinien;2015;0,87;k.A.;SIPRI Military Expenditure Database / defensebudget.org / Weltbank
Argentinien;2016;0,82;k.A.;SIPRI Military Expenditure Database / defensebudget.org / Weltbank
Argentinien;2017;0,88;k.A.;SIPRI Military Expenditure Database / defensebudget.org / Weltbank
Argentinien;2018;0,84;k.A.;SIPRI Military Expenditure Database / defensebudget.org / Weltbank
Argentinien;2019;0,74;k.A.;SIPRI Military Expenditure Database / defensebudget.org / Weltbank
Argentinien;2020;0,84;k.A.;SIPRI Military Expenditure Database / defensebudget.org / Weltbank
Argentinien;2021;0,77;k.A.;SIPRI Military Expenditure Database / defensebudget.org / Weltbank
Argentinien;2022;0,68;k.A.;SIPRI Military Expenditure Database / defensebudget.org / Weltbank
Argentinien;2023;0,6;k.A.;SIPRI Military Expenditure Database / defensebudget.org / Weltbank
Argentinien;2024;0,62;k.A.;SIPRI Military Expenditure Database / defensebudget.org / Weltbank
Armenien;2015;4,25;k.A.;SIPRI Military Expenditure Database / defensebudget.org / Weltbank
Armenien;2016;4,07;k.A.;SIPRI Military Expenditure Database / defensebudget.org / Weltbank
Armenien;2017;3,84;k.A.;SIPRI Military Expenditure Database / defensebudget.org / Weltbank
Armenien;2018;4,27;k.A.;SIPRI Military Expenditure Database / defensebudget.org / Weltbank
Armenien;2019;4,89;k.A.;SIPRI Military Expenditure Database / defensebudget.org / Weltbank
Armenien;2020;5,26;k.A.;SIPRI Military Expenditure Database / defensebudget.org / Weltbank
Armenien;2021;4,39;k.A.;SIPRI Military Expenditure Database / defensebudget.org / Weltbank
Armenien;2022;4,35;k.A.;SIPRI Military Expenditure Database / defensebudget.org / Weltbank
Armenien;2023;5,45;k.A.;SIPRI Military Expenditure Database / defensebudget.org / Weltbank
Armenien;2024;5,06;k.A.;SIPRI Military Expenditure Database / defensebudget.org / Weltbank
Aserbaidschan;2015;5,67;k.A.;SIPRI Military Expenditure Database / defensebudget.org / Weltbank
Aserbaidschan;2016;3,72;k.A.;SIPRI Military Expenditure Database / defensebudget.org / Weltbank
Aserbaidschan;2017;3,72;k.A.;SIPRI Military Expenditure Database / defensebudget.org / Weltbank
Aserbaidschan;2018;3,79;k.A.;SIPRI Military Expenditure Database / defensebudget.org / Weltbank
Aserbaidschan;2019;3,79;k.A.;SIPRI Military Expenditure Database / defensebudget.org / Weltbank
Aserbaidschan;2020;5,4;k.A.;SIPRI Military Expenditure Database / defensebudget.org / Weltbank
Aserbaidschan;2021;4,34;k.A.;SIPRI Military Expenditure Database / defensebudget.org / Weltbank
Aserbaidschan;2022;4,35;k.A.;SIPRI Military Expenditure Database / defensebudget.org / Weltbank
Aserbaidschan;2023;4,37;k.A.;SIPRI Military Expenditure Database / defensebudget.org / Weltbank
Aserbaidschan;2024;4,38;k.A.;SIPRI Military Expenditure Database / defensebudget.org / Weltbank
Australien;2015;1,98;26500;SIPRI Military Expenditure Database / defensebudget.org / Weltbank
Australien;2016;1,99;27050;SIPRI Military Expenditure Database / defensebudget.org / Weltbank
Australien;2017;1,96;27388;SIPRI Military Expenditure Database / defensebudget.org / Weltbank
Australien;2018;1,93;27671;SIPRI Military Expenditure Database / defensebudget.org / Weltbank
Australien;2019;1,91;27850;SIPRI Military Expenditure Database / defensebudget.org / Weltbank
Australien;2020;2,14;30580;SIPRI Military Expenditure Database / defensebudget.org / Weltbank
Australien;2021;2,12;31420;SIPRI Military Expenditure Database / defensebudget.org / Weltbank
Australien;2022;1,99;30500;SIPRI Military Expenditure Database / defensebudget.org / Weltbank
Australien;2023;1,97;31230;SIPRI Military Expenditure Database / defensebudget.org / Weltbank
Australien;2024;1,91;31200;SIPRI Military Expenditure Database / defensebudget.org / Weltbank
Bahrain;2015;3,78;k.A.;SIPRI Military Expenditure Database / defensebudget.org / Weltbank
Bahrain;2016;4,31;k.A.;SIPRI Military Expenditure Database / defensebudget.org / Weltbank
Bahrain;2017;4,33;k.A.;SIPRI Military Expenditure Database / defensebudget.org / Weltbank
Bahrain;2018;3,79;k.A.;SIPRI Military Expenditure Database / defensebudget.org / Weltbank
Bahrain;2019;3,65;k.A.;SIPRI Military Expenditure Database / defensebudget.org / Weltbank
Bahrain;2020;4,36;k.A.;SIPRI Military Expenditure Database / defensebudget.org / Weltbank
Bahrain;2021;3,95;k.A.;SIPRI Military Expenditure Database / defensebudget.org / Weltbank
Bahrain;2022;3,49;k.A.;SIPRI Military Expenditure Database / defensebudget.org / Weltbank
Bahrain;2023;3,3;k.A.;SIPRI Military Expenditure Database / defensebudget.org / Weltbank
Bahrain;2024;3,28;k.A.;SIPRI Military Expenditure Database / defensebudget.org / Weltbank
Bangladesch;2015;1,35;k.A.;SIPRI Military Expenditure Database / defensebudget.org / Weltbank
Bangladesch;2016;1,37;k.A.;SIPRI Military Expenditure Database / defensebudget.org / Weltbank
Bangladesch;2017;1,31;k.A.;SIPRI Military Expenditure Database / defensebudget.org / Weltbank
Bangladesch;2018;1,3;k.A.;SIPRI Military Expenditure Database / defensebudget.org / Weltbank
Bangladesch;2019;1,27;k.A.;SIPRI Military Expenditure Database / defensebudget.org / Weltbank
Bangladesch;2020;1,24;k.A.;SIPRI Military Expenditure Database / defensebudget.org / Weltbank
Bangladesch;2021;1,16;k.A.;SIPRI Military Expenditure Database / defensebudget.org / Weltbank
Bangladesch;2022;1,14;k.A.;SIPRI Military Expenditure Database / defensebudget.org / Weltbank
Bangladesch;2023;1,23;k.A.;SIPRI Military Expenditure Database / defensebudget.org / Weltbank
Bangladesch;2024;1,25;k.A.;SIPRI Military Expenditure Database / defensebudget.org / Weltbank
Belarus;2015;1,21;k.A.;SIPRI Military Expenditure Database / defensebudget.org / Weltbank
Belarus;2016;1,27;k.A.;SIPRI Military Expenditure Database / defensebudget.org / Weltbank
Belarus;2017;1,29;k.A.;SIPRI Military Expenditure Database / defensebudget.org / Weltbank
Belarus;2018;1,24;k.A.;SIPRI Military Expenditure Database / defensebudget.org / Weltbank
Belarus;2019;1,27;k.A.;SIPRI Military Expenditure Database / defensebudget.org / Weltbank
Belarus;2020;1,42;k.A.;SIPRI Military Expenditure Database / defensebudget.org / Weltbank
Belarus;2021;1,66;k.A.;SIPRI Military Expenditure Database / defensebudget.org / Weltbank
Belarus;2022;1,8;k.A.;SIPRI Military Expenditure Database / defensebudget.org / Weltbank
Belarus;2023;1,7;k.A.;SIPRI Military Expenditure Database / defensebudget.org / Weltbank
Belarus;2024;2,1;k.A.;SIPRI Military Expenditure Database / defensebudget.org / Weltbank
Belgien;2015;0,91;4862;SIPRI Military Expenditure Database / defensebudget.org / Weltbank
Belgien;2016;0,91;4904;SIPRI Military Expenditure Database / defensebudget.org / Weltbank
Belgien;2017;0,91;5008;SIPRI Military Expenditure Database / defensebudget.org / Weltbank
Belgien;2018;0,93;5266;SIPRI Military Expenditure Database / defensebudget.org / Weltbank
Belgien;2019;0,93;5332;SIPRI Military Expenditure Database / defensebudget.org / Weltbank
Belgien;2020;1,01;5566;SIPRI Military Expenditure Database / defensebudget.org / Weltbank
Belgien;2021;1,12;6100;SIPRI Military Expenditure Database / defensebudget.org / Weltbank
Belgien;2022;1,18;6676;SIPRI Military Expenditure Database / defensebudget.org / Weltbank
Belgien;2023;1,13;6540;SIPRI Military Expenditure Database / defensebudget.org / Weltbank
Belgien;2024;1,3;7800;SIPRI Military Expenditure Database / defensebudget.org / Weltbank
Bolivien;2015;1,68;k.A.;SIPRI Military Expenditure Database / defensebudget.org / Weltbank
Bolivien;2016;1,65;k.A.;SIPRI Military Expenditure Database / defensebudget.org / Weltbank
Bolivien;2017;1,56;k.A.;SIPRI Military Expenditure Database / defensebudget.org / Weltbank
Bolivien;2018;1,53;k.A.;SIPRI Military Expenditure Database / defensebudget.org / Weltbank
Bolivien;2019;1,36;k.A.;SIPRI Military Expenditure Database / defensebudget.org / Weltbank
Bolivien;2020;1,34;k.A.;SIPRI Military Expenditure Database / defensebudget.org / Weltbank
Bolivien;2021;1,35;k.A.;SIPRI Military Expenditure Database / defensebudget.org / Weltbank
Bolivien;2022;1,29;k.A.;SIPRI Military Expenditure Database / defensebudget.org / Weltbank
Bolivien;2023;1,35;k.A.;SIPRI Military Expenditure Database / defensebudget.org / Weltbank
Bolivien;2024;1,37;k.A.;SIPRI Military Expenditure Database / defensebudget.org / Weltbank
Brasilien;2015;1,36;k.A.;SIPRI Military Expenditure Database / defensebudget.org / Weltbank
Brasilien;2016;1,26;k.A.;SIPRI Military Expenditure Database / defensebudget.org / Weltbank
Brasilien;2017;1,44;k.A.;SIPRI Military Expenditure Database / defensebudget.org / Weltbank
Brasilien;2018;1,54;k.A.;SIPRI Military Expenditure Database / defensebudget.org / Weltbank
Brasilien;2019;1,47;k.A.;SIPRI Military Expenditure Database / defensebudget.org / Weltbank
Brasilien;2020;1,86;k.A.;SIPRI Military Expenditure Database / defensebudget.org / Weltbank
Brasilien;2021;1,44;k.A.;SIPRI Military Expenditure Database / defensebudget.org / Weltbank
Brasilien;2022;1,25;k.A.;SIPRI Military Expenditure Database / defensebudget.org / Weltbank
Brasilien;2023;1,1;k.A.;SIPRI Military Expenditure Database / defensebudget.org / Weltbank
Brasilien;2024;1,16;k.A.;SIPRI Military Expenditure Database / defensebudget.org / Weltbank
Bulgarien;2015;1,32;k.A.;SIPRI Military Expenditure Database / defensebudget.org / Weltbank
Bulgarien;2016;1,27;k.A.;SIPRI Military Expenditure Database / defensebudget.org / Weltbank
Bulgarien;2017;1,52;k.A.;SIPRI Military Expenditure Database / defensebudget.org / Weltbank
Bulgarien;2018;1,56;k.A.;SIPRI Military Expenditure Database / defensebudget.org / Weltbank
Bulgarien;2019;3,25;k.A.;SIPRI Military Expenditure Database / defensebudget.org / Weltbank
Bulgarien;2020;1,56;k.A.;SIPRI Military Expenditure Database / defensebudget.org / Weltbank
Bulgarien;2021;1,57;k.A.;SIPRI Military Expenditure Database / defensebudget.org / Weltbank
Bulgarien;2022;1,56;k.A.;SIPRI Military Expenditure Database / defensebudget.org / Weltbank
Bulgarien;2023;1,98;k.A.;SIPRI Military Expenditure Database / defensebudget.org / Weltbank
Bulgarien;2024;2,18;k.A.;SIPRI Military Expenditure Database / defensebudget.org / Weltbank
Burkina Faso;2015;1,29;k.A.;SIPRI Military Expenditure Database / defensebudget.org / Weltbank
Burkina Faso;2016;1,32;k.A.;SIPRI Military Expenditure Database / defensebudget.org / Weltbank
Burkina Faso;2017;1,32;k.A.;SIPRI Military Expenditure Database / defensebudget.org / Weltbank
Burkina Faso;2018;1,26;k.A.;SIPRI Military Expenditure Database / defensebudget.org / Weltbank
Burkina Faso;2019;1,66;k.A.;SIPRI Military Expenditure Database / defensebudget.org / Weltbank
Burkina Faso;2020;2,0;k.A.;SIPRI Military Expenditure Database / defensebudget.org / Weltbank
Burkina Faso;2021;2,43;k.A.;SIPRI Military Expenditure Database / defensebudget.org / Weltbank
Burkina Faso;2022;2,32;k.A.;SIPRI Military Expenditure Database / defensebudget.org / Weltbank
Burkina Faso;2023;2,71;k.A.;SIPRI Military Expenditure Database / defensebudget.org / Weltbank
Burkina Faso;2024;3,1;k.A.;SIPRI Military Expenditure Database / defensebudget.org / Weltbank
Chile;2015;1,87;k.A.;SIPRI Military Expenditure Database / defensebudget.org / Weltbank
Chile;2016;1,9;k.A.;SIPRI Military Expenditure Database / defensebudget.org / Weltbank
Chile;2017;1,86;k.A.;SIPRI Military Expenditure Database / defensebudget.org / Weltbank
Chile;2018;1,91;k.A.;SIPRI Military Expenditure Database / defensebudget.org / Weltbank
Chile;2019;1,9;k.A.;SIPRI Military Expenditure Database / defensebudget.org / Weltbank
Chile;2020;2,03;k.A.;SIPRI Military Expenditure Database / defensebudget.org / Weltbank
Chile;2021;2,01;k.A.;SIPRI Military Expenditure Database / defensebudget.org / Weltbank
Chile;2022;1,87;k.A.;SIPRI Military Expenditure Database / defensebudget.org / Weltbank
Chile;2023;1,88;k.A.;SIPRI Military Expenditure Database / defensebudget.org / Weltbank
Chile;2024;1,9;k.A.;SIPRI Military Expenditure Database / defensebudget.org / Weltbank
China;2015;1,93;192600;SIPRI Military Expenditure Database / defensebudget.org / Weltbank
China;2016;1,91;202600;SIPRI Military Expenditure Database / defensebudget.org / Weltbank
China;2017;1,9;215900;SIPRI Military Expenditure Database / defensebudget.org / Weltbank
China;2018;1,85;228300;SIPRI Military Expenditure Database / defensebudget.org / Weltbank
China;2019;1,88;244400;SIPRI Military Expenditure Database / defensebudget.org / Weltbank
China;2020;1,74;252300;SIPRI Military Expenditure Database / defensebudget.org / Weltbank
China;2021;1,72;270500;SIPRI Military Expenditure Database / defensebudget.org / Weltbank
China;2022;1,66;277600;SIPRI Military Expenditure Database / defensebudget.org / Weltbank
China;2023;1,68;294900;SIPRI Military Expenditure Database / defensebudget.org / Weltbank
China;2024;1,68;314000;SIPRI Military Expenditure Database / defensebudget.org / Weltbank
Cuba;2015;3,1;k.A.;SIPRI Military Expenditure Database / defensebudget.org / Weltbank
Cuba;2016;3,05;k.A.;SIPRI Military Expenditure Database / defensebudget.org / Weltbank
Cuba;2017;2,92;k.A.;SIPRI Military Expenditure Database / defensebudget.org / Weltbank
Cuba;2018;2,9;k.A.;SIPRI Military Expenditure Database / defensebudget.org / Weltbank
Cuba;2019;2,95;k.A.;SIPRI Military Expenditure Database / defensebudget.org / Weltbank
Cuba;2020;3,1;k.A.;SIPRI Military Expenditure Database / defensebudget.org / Weltbank
Cuba;2021;3,08;k.A.;SIPRI Military Expenditure Database / defensebudget.org / Weltbank
Cuba;2022;3,1;k.A.;SIPRI Military Expenditure Database / defensebudget.org / Weltbank
Cuba;2023;k.A.;k.A.;SIPRI Military Expenditure Database / defensebudget.org / Weltbank
Cuba;2024;k.A.;k.A.;SIPRI Military Expenditure Database / defensebudget.org / Weltbank
Daenemark;2015;1,17;3956;SIPRI Military Expenditure Database / defensebudget.org / Weltbank
Daenemark;2016;1,17;4066;SIPRI Military Expenditure Database / defensebudget.org / Weltbank
Daenemark;2017;1,15;4216;SIPRI Military Expenditure Database / defensebudget.org / Weltbank
Daenemark;2018;1,28;4786;SIPRI Military Expenditure Database / defensebudget.org / Weltbank
Daenemark;2019;1,32;5148;SIPRI Military Expenditure Database / defensebudget.org / Weltbank
Daenemark;2020;1,42;5534;SIPRI Military Expenditure Database / defensebudget.org / Weltbank
Daenemark;2021;1,37;5634;SIPRI Military Expenditure Database / defensebudget.org / Weltbank
Daenemark;2022;1,35;5844;SIPRI Military Expenditure Database / defensebudget.org / Weltbank
Daenemark;2023;1,65;7234;SIPRI Military Expenditure Database / defensebudget.org / Weltbank
Daenemark;2024;2,37;10530;SIPRI Military Expenditure Database / defensebudget.org / Weltbank
Demokratische Republik Kongo;2015;1,23;k.A.;SIPRI Military Expenditure Database / defensebudget.org / Weltbank
Demokratische Republik Kongo;2016;1,02;k.A.;SIPRI Military Expenditure Database / defensebudget.org / Weltbank
Demokratische Republik Kongo;2017;1,07;k.A.;SIPRI Military Expenditure Database / defensebudget.org / Weltbank
Demokratische Republik Kongo;2018;0,74;k.A.;SIPRI Military Expenditure Database / defensebudget.org / Weltbank
Demokratische Republik Kongo;2019;0,64;k.A.;SIPRI Military Expenditure Database / defensebudget.org / Weltbank
Demokratische Republik Kongo;2020;0,67;k.A.;SIPRI Military Expenditure Database / defensebudget.org / Weltbank
Demokratische Republik Kongo;2021;0,71;k.A.;SIPRI Military Expenditure Database / defensebudget.org / Weltbank
Demokratische Republik Kongo;2022;0,68;k.A.;SIPRI Military Expenditure Database / defensebudget.org / Weltbank
Demokratische Republik Kongo;2023;0,7;k.A.;SIPRI Military Expenditure Database / defensebudget.org / Weltbank
Demokratische Republik Kongo;2024;0,72;k.A.;SIPRI Military Expenditure Database / defensebudget.org / Weltbank
Deutschland;2015;1,12;45750;SIPRI Military Expenditure Database / defensebudget.org / Weltbank
Deutschland;2016;1,13;47735;SIPRI Military Expenditure Database / defensebudget.org / Weltbank
Deutschland;2017;1,13;49104;SIPRI Military Expenditure Database / defensebudget.org / Weltbank
Deutschland;2018;1,15;50459;SIPRI Military Expenditure Database / defensebudget.org / Weltbank
Deutschland;2019;1,24;55351;SIPRI Military Expenditure Database / defensebudget.org / Weltbank
Deutschland;2020;1,36;58976;SIPRI Military Expenditure Database / defensebudget.org / Weltbank
Deutschland;2021;1,3;58458;SIPRI Military Expenditure Database / defensebudget.org / Weltbank
Deutschland;2022;1,35;61110;SIPRI Military Expenditure Database / defensebudget.org / Weltbank
Deutschland;2023;1,49;67285;SIPRI Military Expenditure Database / defensebudget.org / Weltbank
Deutschland;2024;1,89;86301;SIPRI Military Expenditure Database / defensebudget.org / Weltbank
Ecuador;2015;2,72;k.A.;SIPRI Military Expenditure Database / defensebudget.org / Weltbank
Ecuador;2016;2,28;k.A.;SIPRI Military Expenditure Database / defensebudget.org / Weltbank
Ecuador;2017;2,36;k.A.;SIPRI Military Expenditure Database / defensebudget.org / Weltbank
Ecuador;2018;2,32;k.A.;SIPRI Military Expenditure Database / defensebudget.org / Weltbank
Ecuador;2019;2,3;k.A.;SIPRI Military Expenditure Database / defensebudget.org / Weltbank
Ecuador;2020;2,3;k.A.;SIPRI Military Expenditure Database / defensebudget.org / Weltbank
Ecuador;2021;2,38;k.A.;SIPRI Military Expenditure Database / defensebudget.org / Weltbank
Ecuador;2022;2,35;k.A.;SIPRI Military Expenditure Database / defensebudget.org / Weltbank
Ecuador;2023;2,38;k.A.;SIPRI Military Expenditure Database / defensebudget.org / Weltbank
Ecuador;2024;2,5;k.A.;SIPRI Military Expenditure Database / defensebudget.org / Weltbank
Estland;2015;2,1;k.A.;SIPRI Military Expenditure Database / defensebudget.org / Weltbank
Estland;2016;2,16;k.A.;SIPRI Military Expenditure Database / defensebudget.org / Weltbank
Estland;2017;2,16;k.A.;SIPRI Military Expenditure Database / defensebudget.org / Weltbank
Estland;2018;2,07;k.A.;SIPRI Military Expenditure Database / defensebudget.org / Weltbank
Estland;2019;2,15;k.A.;SIPRI Military Expenditure Database / defensebudget.org / Weltbank
Estland;2020;2,33;k.A.;SIPRI Military Expenditure Database / defensebudget.org / Weltbank
Estland;2021;2,02;k.A.;SIPRI Military Expenditure Database / defensebudget.org / Weltbank
Estland;2022;2,07;k.A.;SIPRI Military Expenditure Database / defensebudget.org / Weltbank
Estland;2023;2,73;k.A.;SIPRI Military Expenditure Database / defensebudget.org / Weltbank
Estland;2024;3,43;k.A.;SIPRI Military Expenditure Database / defensebudget.org / Weltbank
Finnland;2015;1,47;3756;SIPRI Military Expenditure Database / defensebudget.org / Weltbank
Finnland;2016;1,44;3788;SIPRI Military Expenditure Database / defensebudget.org / Weltbank
Finnland;2017;1,42;3869;SIPRI Military Expenditure Database / defensebudget.org / Weltbank
Finnland;2018;1,43;3990;SIPRI Military Expenditure Database / defensebudget.org / Weltbank
Finnland;2019;1,51;4263;SIPRI Military Expenditure Database / defensebudget.org / Weltbank
Finnland;2020;1,65;4574;SIPRI Military Expenditure Database / defensebudget.org / Weltbank
Finnland;2021;1,95;5530;SIPRI Military Expenditure Database / defensebudget.org / Weltbank
Finnland;2022;2,0;5820;SIPRI Military Expenditure Database / defensebudget.org / Weltbank
Finnland;2023;2,45;7108;SIPRI Military Expenditure Database / defensebudget.org / Weltbank
Finnland;2024;2,3;7005;SIPRI Military Expenditure Database / defensebudget.org / Weltbank
Frankreich;2015;1,78;53136;SIPRI Military Expenditure Database / defensebudget.org / Weltbank
Frankreich;2016;1,78;54236;SIPRI Military Expenditure Database / defensebudget.org / Weltbank
Frankreich;2017;1,78;55467;SIPRI Military Expenditure Database / defensebudget.org / Weltbank
Frankreich;2018;1,8;57045;SIPRI Military Expenditure Database / defensebudget.org / Weltbank
Frankreich;2019;1,83;59011;SIPRI Military Expenditure Database / defensebudget.org / Weltbank
Frankreich;2020;2,01;63406;SIPRI Military Expenditure Database / defensebudget.org / Weltbank
Frankreich;2021;1,9;62750;SIPRI Military Expenditure Database / defensebudget.org / Weltbank
Frankreich;2022;1,88;63820;SIPRI Military Expenditure Database / defensebudget.org / Weltbank
Frankreich;2023;1,9;65985;SIPRI Military Expenditure Database / defensebudget.org / Weltbank
Frankreich;2024;2,06;72700;SIPRI Military Expenditure Database / defensebudget.org / Weltbank
Georgien;2015;2,0;k.A.;SIPRI Military Expenditure Database / defensebudget.org / Weltbank
Georgien;2016;1,87;k.A.;SIPRI Military Expenditure Database / defensebudget.org / Weltbank
Georgien;2017;1,93;k.A.;SIPRI Military Expenditure Database / defensebudget.org / Weltbank
Georgien;2018;2,18;k.A.;SIPRI Military Expenditure Database / defensebudget.org / Weltbank
Georgien;2019;1,96;k.A.;SIPRI Military Expenditure Database / defensebudget.org / Weltbank
Georgien;2020;1,62;k.A.;SIPRI Military Expenditure Database / defensebudget.org / Weltbank
Georgien;2021;1,66;k.A.;SIPRI Military Expenditure Database / defensebudget.org / Weltbank
Georgien;2022;1,63;k.A.;SIPRI Military Expenditure Database / defensebudget.org / Weltbank
Georgien;2023;1,72;k.A.;SIPRI Military Expenditure Database / defensebudget.org / Weltbank
Georgien;2024;1,79;k.A.;SIPRI Military Expenditure Database / defensebudget.org / Weltbank
Ghana;2015;0,37;k.A.;SIPRI Military Expenditure Database / defensebudget.org / Weltbank
Ghana;2016;0,38;k.A.;SIPRI Military Expenditure Database / defensebudget.org / Weltbank
Ghana;2017;0,38;k.A.;SIPRI Military Expenditure Database / defensebudget.org / Weltbank
Ghana;2018;0,39;k.A.;SIPRI Military Expenditure Database / defensebudget.org / Weltbank
Ghana;2019;0,38;k.A.;SIPRI Military Expenditure Database / defensebudget.org / Weltbank
Ghana;2020;0,42;k.A.;SIPRI Military Expenditure Database / defensebudget.org / Weltbank
Ghana;2021;0,41;k.A.;SIPRI Military Expenditure Database / defensebudget.org / Weltbank
Ghana;2022;0,44;k.A.;SIPRI Military Expenditure Database / defensebudget.org / Weltbank
Ghana;2023;0,42;k.A.;SIPRI Military Expenditure Database / defensebudget.org / Weltbank
Ghana;2024;0,43;k.A.;SIPRI Military Expenditure Database / defensebudget.org / Weltbank
Griechenland;2015;2,31;4939;SIPRI Military Expenditure Database / defensebudget.org / Weltbank
Griechenland;2016;2,38;5061;SIPRI Military Expenditure Database / defensebudget.org / Weltbank
Griechenland;2017;2,37;5227;SIPRI Military Expenditure Database / defensebudget.org / Weltbank
Griechenland;2018;2,52;5622;SIPRI Military Expenditure Database / defensebudget.org / Weltbank
Griechenland;2019;2,39;5519;SIPRI Military Expenditure Database / defensebudget.org / Weltbank
Griechenland;2020;2,68;5909;SIPRI Military Expenditure Database / defensebudget.org / Weltbank
Griechenland;2021;2,47;5710;SIPRI Military Expenditure Database / defensebudget.org / Weltbank
Griechenland;2022;2,67;6239;SIPRI Military Expenditure Database / defensebudget.org / Weltbank
Griechenland;2023;2,89;7103;SIPRI Military Expenditure Database / defensebudget.org / Weltbank
Griechenland;2024;3,08;7836;SIPRI Military Expenditure Database / defensebudget.org / Weltbank
Grossbritannien;2015;2,06;62434;SIPRI Military Expenditure Database / defensebudget.org / Weltbank
Grossbritannien;2016;1,96;62350;SIPRI Military Expenditure Database / defensebudget.org / Weltbank
Grossbritannien;2017;1,79;61089;SIPRI Military Expenditure Database / defensebudget.org / Weltbank
Grossbritannien;2018;1,8;62134;SIPRI Military Expenditure Database / defensebudget.org / Weltbank
Grossbritannien;2019;1,73;62025;SIPRI Military Expenditure Database / defensebudget.org / Weltbank
Grossbritannien;2020;2,17;71630;SIPRI Military Expenditure Database / defensebudget.org / Weltbank
Grossbritannien;2021;2,21;71730;SIPRI Military Expenditure Database / defensebudget.org / Weltbank
Grossbritannien;2022;2,15;72360;SIPRI Military Expenditure Database / defensebudget.org / Weltbank
Grossbritannien;2023;2,28;81950;SIPRI Military Expenditure Database / defensebudget.org / Weltbank
Grossbritannien;2024;2,33;81800;SIPRI Military Expenditure Database / defensebudget.org / Weltbank
Guatemala;2015;0,43;k.A.;SIPRI Military Expenditure Database / defensebudget.org / Weltbank
Guatemala;2016;0,41;k.A.;SIPRI Military Expenditure Database / defensebudget.org / Weltbank
Guatemala;2017;0,37;k.A.;SIPRI Military Expenditure Database / defensebudget.org / Weltbank
Guatemala;2018;0,41;k.A.;SIPRI Military Expenditure Database / defensebudget.org / Weltbank
Guatemala;2019;0,4;k.A.;SIPRI Military Expenditure Database / defensebudget.org / Weltbank
Guatemala;2020;0,4;k.A.;SIPRI Military Expenditure Database / defensebudget.org / Weltbank
Guatemala;2021;0,41;k.A.;SIPRI Military Expenditure Database / defensebudget.org / Weltbank
Guatemala;2022;0,39;k.A.;SIPRI Military Expenditure Database / defensebudget.org / Weltbank
Guatemala;2023;0,39;k.A.;SIPRI Military Expenditure Database / defensebudget.org / Weltbank
Guatemala;2024;0,4;k.A.;SIPRI Military Expenditure Database / defensebudget.org / Weltbank
Honduras;2015;1,68;k.A.;SIPRI Military Expenditure Database / defensebudget.org / Weltbank
Honduras;2016;1,61;k.A.;SIPRI Military Expenditure Database / defensebudget.org / Weltbank
Honduras;2017;1,54;k.A.;SIPRI Military Expenditure Database / defensebudget.org / Weltbank
Honduras;2018;1,41;k.A.;SIPRI Military Expenditure Database / defensebudget.org / Weltbank
Honduras;2019;1,45;k.A.;SIPRI Military Expenditure Database / defensebudget.org / Weltbank
Honduras;2020;1,48;k.A.;SIPRI Military Expenditure Database / defensebudget.org / Weltbank
Honduras;2021;1,45;k.A.;SIPRI Military Expenditure Database / defensebudget.org / Weltbank
Honduras;2022;1,44;k.A.;SIPRI Military Expenditure Database / defensebudget.org / Weltbank
Honduras;2023;1,4;k.A.;SIPRI Military Expenditure Database / defensebudget.org / Weltbank
Honduras;2024;1,42;k.A.;SIPRI Military Expenditure Database / defensebudget.org / Weltbank
Indien;2015;2,26;58600;SIPRI Military Expenditure Database / defensebudget.org / Weltbank
Indien;2016;2,45;64700;SIPRI Military Expenditure Database / defensebudget.org / Weltbank
Indien;2017;2,44;67000;SIPRI Military Expenditure Database / defensebudget.org / Weltbank
Indien;2018;2,38;66500;SIPRI Military Expenditure Database / defensebudget.org / Weltbank
Indien;2019;2,39;71100;SIPRI Military Expenditure Database / defensebudget.org / Weltbank
Indien;2020;2,93;76600;SIPRI Military Expenditure Database / defensebudget.org / Weltbank
Indien;2021;2,7;76000;SIPRI Military Expenditure Database / defensebudget.org / Weltbank
Indien;2022;2,44;75820;SIPRI Military Expenditure Database / defensebudget.org / Weltbank
Indien;2023;2,35;83620;SIPRI Military Expenditure Database / defensebudget.org / Weltbank
Indien;2024;2,31;86100;SIPRI Military Expenditure Database / defensebudget.org / Weltbank
Indonesien;2015;0,88;k.A.;SIPRI Military Expenditure Database / defensebudget.org / Weltbank
Indonesien;2016;0,88;k.A.;SIPRI Military Expenditure Database / defensebudget.org / Weltbank
Indonesien;2017;0,85;k.A.;SIPRI Military Expenditure Database / defensebudget.org / Weltbank
Indonesien;2018;0,77;k.A.;SIPRI Military Expenditure Database / defensebudget.org / Weltbank
Indonesien;2019;0,74;k.A.;SIPRI Military Expenditure Database / defensebudget.org / Weltbank
Indonesien;2020;0,88;k.A.;SIPRI Military Expenditure Database / defensebudget.org / Weltbank
Indonesien;2021;0,83;k.A.;SIPRI Military Expenditure Database / defensebudget.org / Weltbank
Indonesien;2022;0,8;k.A.;SIPRI Military Expenditure Database / defensebudget.org / Weltbank
Indonesien;2023;0,73;k.A.;SIPRI Military Expenditure Database / defensebudget.org / Weltbank
Indonesien;2024;0,85;k.A.;SIPRI Military Expenditure Database / defensebudget.org / Weltbank
Irak;2015;5,05;k.A.;SIPRI Military Expenditure Database / defensebudget.org / Weltbank
Irak;2016;3,98;k.A.;SIPRI Military Expenditure Database / defensebudget.org / Weltbank
Irak;2017;3,74;k.A.;SIPRI Military Expenditure Database / defensebudget.org / Weltbank
Irak;2018;2,93;k.A.;SIPRI Military Expenditure Database / defensebudget.org / Weltbank
Irak;2019;3,85;k.A.;SIPRI Military Expenditure Database / defensebudget.org / Weltbank
Irak;2020;4,24;k.A.;SIPRI Military Expenditure Database / defensebudget.org / Weltbank
Irak;2021;3,64;k.A.;SIPRI Military Expenditure Database / defensebudget.org / Weltbank
Irak;2022;3,87;k.A.;SIPRI Military Expenditure Database / defensebudget.org / Weltbank
Irak;2023;3,37;k.A.;SIPRI Military Expenditure Database / defensebudget.org / Weltbank
Irak;2024;3,44;k.A.;SIPRI Military Expenditure Database / defensebudget.org / Weltbank
Iran;2015;2,55;k.A.;SIPRI Military Expenditure Database / defensebudget.org / Weltbank
Iran;2016;2,63;k.A.;SIPRI Military Expenditure Database / defensebudget.org / Weltbank
Iran;2017;2,84;k.A.;SIPRI Military Expenditure Database / defensebudget.org / Weltbank
Iran;2018;2,6;k.A.;SIPRI Military Expenditure Database / defensebudget.org / Weltbank
Iran;2019;2,31;k.A.;SIPRI Military Expenditure Database / defensebudget.org / Weltbank
Iran;2020;2,3;k.A.;SIPRI Military Expenditure Database / defensebudget.org / Weltbank
Iran;2021;2,33;k.A.;SIPRI Military Expenditure Database / defensebudget.org / Weltbank
Iran;2022;2,56;k.A.;SIPRI Military Expenditure Database / defensebudget.org / Weltbank
Iran;2023;2,65;k.A.;SIPRI Military Expenditure Database / defensebudget.org / Weltbank
Iran;2024;2,35;7900;SIPRI Military Expenditure Database / defensebudget.org / Weltbank
Irland;2015;0,32;k.A.;SIPRI Military Expenditure Database / defensebudget.org / Weltbank
Irland;2016;0,3;k.A.;SIPRI Military Expenditure Database / defensebudget.org / Weltbank
Irland;2017;0,27;k.A.;SIPRI Military Expenditure Database / defensebudget.org / Weltbank
Irland;2018;0,27;k.A.;SIPRI Military Expenditure Database / defensebudget.org / Weltbank
Irland;2019;0,26;k.A.;SIPRI Military Expenditure Database / defensebudget.org / Weltbank
Irland;2020;0,28;k.A.;SIPRI Military Expenditure Database / defensebudget.org / Weltbank
Irland;2021;0,26;k.A.;SIPRI Military Expenditure Database / defensebudget.org / Weltbank
Irland;2022;0,26;k.A.;SIPRI Military Expenditure Database / defensebudget.org / Weltbank
Irland;2023;0,23;k.A.;SIPRI Military Expenditure Database / defensebudget.org / Weltbank
Irland;2024;0,29;k.A.;SIPRI Military Expenditure Database / defensebudget.org / Weltbank
Island;2015;0;0;SIPRI Military Expenditure Database / defensebudget.org / Weltbank
Island;2016;0;0;SIPRI Military Expenditure Database / defensebudget.org / Weltbank
Island;2017;0;0;SIPRI Military Expenditure Database / defensebudget.org / Weltbank
Island;2018;0;0;SIPRI Military Expenditure Database / defensebudget.org / Weltbank
Island;2019;0;0;SIPRI Military Expenditure Database / defensebudget.org / Weltbank
Island;2020;0;0;SIPRI Military Expenditure Database / defensebudget.org / Weltbank
Island;2021;0;0;SIPRI Military Expenditure Database / defensebudget.org / Weltbank
Island;2022;0;0;SIPRI Military Expenditure Database / defensebudget.org / Weltbank
Island;2023;0;0;SIPRI Military Expenditure Database / defensebudget.org / Weltbank
Island;2024;0;0;SIPRI Military Expenditure Database / defensebudget.org / Weltbank
Israel;2015;5,38;k.A.;SIPRI Military Expenditure Database / defensebudget.org / Weltbank
Israel;2016;5,68;k.A.;SIPRI Military Expenditure Database / defensebudget.org / Weltbank
Israel;2017;5,7;k.A.;SIPRI Military Expenditure Database / defensebudget.org / Weltbank
Israel;2018;5,0;k.A.;SIPRI Military Expenditure Database / defensebudget.org / Weltbank
Israel;2019;5,32;k.A.;SIPRI Military Expenditure Database / defensebudget.org / Weltbank
Israel;2020;5,59;k.A.;SIPRI Military Expenditure Database / defensebudget.org / Weltbank
Israel;2021;5,04;k.A.;SIPRI Military Expenditure Database / defensebudget.org / Weltbank
Israel;2022;4,52;k.A.;SIPRI Military Expenditure Database / defensebudget.org / Weltbank
Israel;2023;5,37;k.A.;SIPRI Military Expenditure Database / defensebudget.org / Weltbank
Israel;2024;8,8;45600;SIPRI Military Expenditure Database / defensebudget.org / Weltbank
Italien;2015;1,04;27900;SIPRI Military Expenditure Database / defensebudget.org / Weltbank
Italien;2016;1,08;29186;SIPRI Military Expenditure Database / defensebudget.org / Weltbank
Italien;2017;1,14;31030;SIPRI Military Expenditure Database / defensebudget.org / Weltbank
Italien;2018;1,2;33115;SIPRI Military Expenditure Database / defensebudget.org / Weltbank
Italien;2019;1,22;33951;SIPRI Military Expenditure Database / defensebudget.org / Weltbank
Italien;2020;1,56;42350;SIPRI Military Expenditure Database / defensebudget.org / Weltbank
Italien;2021;1,54;42480;SIPRI Military Expenditure Database / defensebudget.org / Weltbank
Italien;2022;1,51;42990;SIPRI Military Expenditure Database / defensebudget.org / Weltbank
Italien;2023;1,46;42550;SIPRI Military Expenditure Database / defensebudget.org / Weltbank
Italien;2024;1,49;44200;SIPRI Military Expenditure Database / defensebudget.org / Weltbank
Japan;2015;0,94;43100;SIPRI Military Expenditure Database / defensebudget.org / Weltbank
Japan;2016;0,94;43900;SIPRI Military Expenditure Database / defensebudget.org / Weltbank
Japan;2017;0,93;44600;SIPRI Military Expenditure Database / defensebudget.org / Weltbank
Japan;2018;0,93;46600;SIPRI Military Expenditure Database / defensebudget.org / Weltbank
Japan;2019;0,93;47600;SIPRI Military Expenditure Database / defensebudget.org / Weltbank
Japan;2020;0,96;49800;SIPRI Military Expenditure Database / defensebudget.org / Weltbank
Japan;2021;0,97;51700;SIPRI Military Expenditure Database / defensebudget.org / Weltbank
Japan;2022;1,1;57700;SIPRI Military Expenditure Database / defensebudget.org / Weltbank
Japan;2023;1,24;67700;SIPRI Military Expenditure Database / defensebudget.org / Weltbank
Japan;2024;1,4;79400;SIPRI Military Expenditure Database / defensebudget.org / Weltbank
Jemen;2015;k.A.;k.A.;SIPRI Military Expenditure Database / defensebudget.org / Weltbank
Jemen;2016;k.A.;k.A.;SIPRI Military Expenditure Database / defensebudget.org / Weltbank
Jemen;2017;k.A.;k.A.;SIPRI Military Expenditure Database / defensebudget.org / Weltbank
Jemen;2018;k.A.;k.A.;SIPRI Military Expenditure Database / defensebudget.org / Weltbank
Jemen;2019;k.A.;k.A.;SIPRI Military Expenditure Database / defensebudget.org / Weltbank
Jemen;2020;k.A.;k.A.;SIPRI Military Expenditure Database / defensebudget.org / Weltbank
Jemen;2021;k.A.;k.A.;SIPRI Military Expenditure Database / defensebudget.org / Weltbank
Jemen;2022;k.A.;k.A.;SIPRI Military Expenditure Database / defensebudget.org / Weltbank
Jemen;2023;k.A.;k.A.;SIPRI Military Expenditure Database / defensebudget.org / Weltbank
Jemen;2024;k.A.;k.A.;SIPRI Military Expenditure Database / defensebudget.org / Weltbank
Jordanien;2015;4,27;k.A.;SIPRI Military Expenditure Database / defensebudget.org / Weltbank
Jordanien;2016;4,73;k.A.;SIPRI Military Expenditure Database / defensebudget.org / Weltbank
Jordanien;2017;4,77;k.A.;SIPRI Military Expenditure Database / defensebudget.org / Weltbank
Jordanien;2018;4,68;k.A.;SIPRI Military Expenditure Database / defensebudget.org / Weltbank
Jordanien;2019;4,74;k.A.;SIPRI Military Expenditure Database / defensebudget.org / Weltbank
Jordanien;2020;4,51;k.A.;SIPRI Military Expenditure Database / defensebudget.org / Weltbank
Jordanien;2021;4,84;k.A.;SIPRI Military Expenditure Database / defensebudget.org / Weltbank
Jordanien;2022;4,8;k.A.;SIPRI Military Expenditure Database / defensebudget.org / Weltbank
Jordanien;2023;4,63;k.A.;SIPRI Military Expenditure Database / defensebudget.org / Weltbank
Jordanien;2024;4,7;k.A.;SIPRI Military Expenditure Database / defensebudget.org / Weltbank
Kambodscha;2015;2,2;k.A.;SIPRI Military Expenditure Database / defensebudget.org / Weltbank
Kambodscha;2016;2,14;k.A.;SIPRI Military Expenditure Database / defensebudget.org / Weltbank
Kambodscha;2017;2,01;k.A.;SIPRI Military Expenditure Database / defensebudget.org / Weltbank
Kambodscha;2018;2,08;k.A.;SIPRI Military Expenditure Database / defensebudget.org / Weltbank
Kambodscha;2019;2,17;k.A.;SIPRI Military Expenditure Database / defensebudget.org / Weltbank
Kambodscha;2020;2,41;k.A.;SIPRI Military Expenditure Database / defensebudget.org / Weltbank
Kambodscha;2021;2,5;k.A.;SIPRI Military Expenditure Database / defensebudget.org / Weltbank
Kambodscha;2022;2,27;k.A.;SIPRI Military Expenditure Database / defensebudget.org / Weltbank
Kambodscha;2023;2,31;k.A.;SIPRI Military Expenditure Database / defensebudget.org / Weltbank
Kambodscha;2024;2,34;k.A.;SIPRI Military Expenditure Database / defensebudget.org / Weltbank
Kamerun;2015;1,33;k.A.;SIPRI Military Expenditure Database / defensebudget.org / Weltbank
Kamerun;2016;1,35;k.A.;SIPRI Military Expenditure Database / defensebudget.org / Weltbank
Kamerun;2017;1,35;k.A.;SIPRI Military Expenditure Database / defensebudget.org / Weltbank
Kamerun;2018;1,23;k.A.;SIPRI Military Expenditure Database / defensebudget.org / Weltbank
Kamerun;2019;1,32;k.A.;SIPRI Military Expenditure Database / defensebudget.org / Weltbank
Kamerun;2020;1,37;k.A.;SIPRI Military Expenditure Database / defensebudget.org / Weltbank
Kamerun;2021;1,17;k.A.;SIPRI Military Expenditure Database / defensebudget.org / Weltbank
Kamerun;2022;1,23;k.A.;SIPRI Military Expenditure Database / defensebudget.org / Weltbank
Kamerun;2023;1,25;k.A.;SIPRI Military Expenditure Database / defensebudget.org / Weltbank
Kamerun;2024;1,27;k.A.;SIPRI Military Expenditure Database / defensebudget.org / Weltbank
Kanada;2015;1,0;17935;SIPRI Military Expenditure Database / defensebudget.org / Weltbank
Kanada;2016;0,99;18115;SIPRI Military Expenditure Database / defensebudget.org / Weltbank
Kanada;2017;1,31;24500;SIPRI Military Expenditure Database / defensebudget.org / Weltbank
Kanada;2018;1,33;25534;SIPRI Military Expenditure Database / defensebudget.org / Weltbank
Kanada;2019;1,29;25345;SIPRI Military Expenditure Database / defensebudget.org / Weltbank
Kanada;2020;1,46;27918;SIPRI Military Expenditure Database / defensebudget.org / Weltbank
Kanada;2021;1,27;25445;SIPRI Military Expenditure Database / defensebudget.org / Weltbank
Kanada;2022;1,24;25640;SIPRI Military Expenditure Database / defensebudget.org / Weltbank
Kanada;2023;1,33;28100;SIPRI Military Expenditure Database / defensebudget.org / Weltbank
Kanada;2024;1,42;30400;SIPRI Military Expenditure Database / defensebudget.org / Weltbank
Kasachstan;2015;1,05;k.A.;SIPRI Military Expenditure Database / defensebudget.org / Weltbank
Kasachstan;2016;0,88;k.A.;SIPRI Military Expenditure Database / defensebudget.org / Weltbank
Kasachstan;2017;0,89;k.A.;SIPRI Military Expenditure Database / defensebudget.org / Weltbank
Kasachstan;2018;0,83;k.A.;SIPRI Military Expenditure Database / defensebudget.org / Weltbank
Kasachstan;2019;0,97;k.A.;SIPRI Military Expenditure Database / defensebudget.org / Weltbank
Kasachstan;2020;1,09;k.A.;SIPRI Military Expenditure Database / defensebudget.org / Weltbank
Kasachstan;2021;0,96;k.A.;SIPRI Military Expenditure Database / defensebudget.org / Weltbank
Kasachstan;2022;0,77;k.A.;SIPRI Military Expenditure Database / defensebudget.org / Weltbank
Kasachstan;2023;0,89;k.A.;SIPRI Military Expenditure Database / defensebudget.org / Weltbank
Kasachstan;2024;0,9;k.A.;SIPRI Military Expenditure Database / defensebudget.org / Weltbank
Katar;2015;1,92;k.A.;SIPRI Military Expenditure Database / defensebudget.org / Weltbank
Katar;2016;2,89;k.A.;SIPRI Military Expenditure Database / defensebudget.org / Weltbank
Katar;2017;2,85;k.A.;SIPRI Military Expenditure Database / defensebudget.org / Weltbank
Katar;2018;2,36;k.A.;SIPRI Military Expenditure Database / defensebudget.org / Weltbank
Katar;2019;2,4;k.A.;SIPRI Military Expenditure Database / defensebudget.org / Weltbank
Katar;2020;2,91;k.A.;SIPRI Military Expenditure Database / defensebudget.org / Weltbank
Katar;2021;2,31;k.A.;SIPRI Military Expenditure Database / defensebudget.org / Weltbank
Katar;2022;1,83;k.A.;SIPRI Military Expenditure Database / defensebudget.org / Weltbank
Katar;2023;2,07;k.A.;SIPRI Military Expenditure Database / defensebudget.org / Weltbank
Katar;2024;2,04;k.A.;SIPRI Military Expenditure Database / defensebudget.org / Weltbank
Kenia;2015;1,28;k.A.;SIPRI Military Expenditure Database / defensebudget.org / Weltbank
Kenia;2016;1,28;k.A.;SIPRI Military Expenditure Database / defensebudget.org / Weltbank
Kenia;2017;1,18;k.A.;SIPRI Military Expenditure Database / defensebudget.org / Weltbank
Kenia;2018;1,17;k.A.;SIPRI Military Expenditure Database / defensebudget.org / Weltbank
Kenia;2019;1,17;k.A.;SIPRI Military Expenditure Database / defensebudget.org / Weltbank
Kenia;2020;1,23;k.A.;SIPRI Military Expenditure Database / defensebudget.org / Weltbank
Kenia;2021;1,28;k.A.;SIPRI Military Expenditure Database / defensebudget.org / Weltbank
Kenia;2022;1,26;k.A.;SIPRI Military Expenditure Database / defensebudget.org / Weltbank
Kenia;2023;1,23;k.A.;SIPRI Military Expenditure Database / defensebudget.org / Weltbank
Kenia;2024;1,25;k.A.;SIPRI Military Expenditure Database / defensebudget.org / Weltbank
Kolumbien;2015;3,45;k.A.;SIPRI Military Expenditure Database / defensebudget.org / Weltbank
Kolumbien;2016;3,21;k.A.;SIPRI Military Expenditure Database / defensebudget.org / Weltbank
Kolumbien;2017;3,37;k.A.;SIPRI Military Expenditure Database / defensebudget.org / Weltbank
Kolumbien;2018;3,31;k.A.;SIPRI Military Expenditure Database / defensebudget.org / Weltbank
Kolumbien;2019;3,19;k.A.;SIPRI Military Expenditure Database / defensebudget.org / Weltbank
Kolumbien;2020;3,25;k.A.;SIPRI Military Expenditure Database / defensebudget.org / Weltbank
Kolumbien;2021;3,27;k.A.;SIPRI Military Expenditure Database / defensebudget.org / Weltbank
Kolumbien;2022;3,1;k.A.;SIPRI Military Expenditure Database / defensebudget.org / Weltbank
Kolumbien;2023;3,06;k.A.;SIPRI Military Expenditure Database / defensebudget.org / Weltbank
Kolumbien;2024;3,09;k.A.;SIPRI Military Expenditure Database / defensebudget.org / Weltbank
Kroatien;2015;1,55;k.A.;SIPRI Military Expenditure Database / defensebudget.org / Weltbank
Kroatien;2016;1,55;k.A.;SIPRI Military Expenditure Database / defensebudget.org / Weltbank
Kroatien;2017;1,6;k.A.;SIPRI Military Expenditure Database / defensebudget.org / Weltbank
Kroatien;2018;1,56;k.A.;SIPRI Military Expenditure Database / defensebudget.org / Weltbank
Kroatien;2019;1,69;k.A.;SIPRI Military Expenditure Database / defensebudget.org / Weltbank
Kroatien;2020;1,7;k.A.;SIPRI Military Expenditure Database / defensebudget.org / Weltbank
Kroatien;2021;1,73;k.A.;SIPRI Military Expenditure Database / defensebudget.org / Weltbank
Kroatien;2022;1,81;k.A.;SIPRI Military Expenditure Database / defensebudget.org / Weltbank
Kroatien;2023;1,81;k.A.;SIPRI Military Expenditure Database / defensebudget.org / Weltbank
Kroatien;2024;1,91;k.A.;SIPRI Military Expenditure Database / defensebudget.org / Weltbank
Kuwait;2015;4,81;k.A.;SIPRI Military Expenditure Database / defensebudget.org / Weltbank
Kuwait;2016;5,82;k.A.;SIPRI Military Expenditure Database / defensebudget.org / Weltbank
Kuwait;2017;5,57;k.A.;SIPRI Military Expenditure Database / defensebudget.org / Weltbank
Kuwait;2018;5,09;k.A.;SIPRI Military Expenditure Database / defensebudget.org / Weltbank
Kuwait;2019;5,61;k.A.;SIPRI Military Expenditure Database / defensebudget.org / Weltbank
Kuwait;2020;7,08;k.A.;SIPRI Military Expenditure Database / defensebudget.org / Weltbank
Kuwait;2021;6,47;k.A.;SIPRI Military Expenditure Database / defensebudget.org / Weltbank
Kuwait;2022;5,68;k.A.;SIPRI Military Expenditure Database / defensebudget.org / Weltbank
Kuwait;2023;4,14;k.A.;SIPRI Military Expenditure Database / defensebudget.org / Weltbank
Kuwait;2024;4,31;k.A.;SIPRI Military Expenditure Database / defensebudget.org / Weltbank
Laos;2015;0,22;k.A.;SIPRI Military Expenditure Database / defensebudget.org / Weltbank
Laos;2016;0,19;k.A.;SIPRI Military Expenditure Database / defensebudget.org / Weltbank
Laos;2017;0,21;k.A.;SIPRI Military Expenditure Database / defensebudget.org / Weltbank
Laos;2018;0,19;k.A.;SIPRI Military Expenditure Database / defensebudget.org / Weltbank
Laos;2019;0,17;k.A.;SIPRI Military Expenditure Database / defensebudget.org / Weltbank
Laos;2020;0,19;k.A.;SIPRI Military Expenditure Database / defensebudget.org / Weltbank
Laos;2021;0,2;k.A.;SIPRI Military Expenditure Database / defensebudget.org / Weltbank
Laos;2022;0,19;k.A.;SIPRI Military Expenditure Database / defensebudget.org / Weltbank
Laos;2023;0,2;k.A.;SIPRI Military Expenditure Database / defensebudget.org / Weltbank
Laos;2024;0,21;k.A.;SIPRI Military Expenditure Database / defensebudget.org / Weltbank
Lettland;2015;1,04;k.A.;SIPRI Military Expenditure Database / defensebudget.org / Weltbank
Lettland;2016;1,45;k.A.;SIPRI Military Expenditure Database / defensebudget.org / Weltbank
Lettland;2017;1,59;k.A.;SIPRI Military Expenditure Database / defensebudget.org / Weltbank
Lettland;2018;2,06;k.A.;SIPRI Military Expenditure Database / defensebudget.org / Weltbank
Lettland;2019;2,01;k.A.;SIPRI Military Expenditure Database / defensebudget.org / Weltbank
Lettland;2020;2,26;k.A.;SIPRI Military Expenditure Database / defensebudget.org / Weltbank
Lettland;2021;2,22;k.A.;SIPRI Military Expenditure Database / defensebudget.org / Weltbank
Lettland;2022;2,3;k.A.;SIPRI Military Expenditure Database / defensebudget.org / Weltbank
Lettland;2023;2,27;k.A.;SIPRI Military Expenditure Database / defensebudget.org / Weltbank
Lettland;2024;3,15;k.A.;SIPRI Military Expenditure Database / defensebudget.org / Weltbank
Libanon;2015;4,3;k.A.;SIPRI Military Expenditure Database / defensebudget.org / Weltbank
Libanon;2016;4,14;k.A.;SIPRI Military Expenditure Database / defensebudget.org / Weltbank
Libanon;2017;4,11;k.A.;SIPRI Military Expenditure Database / defensebudget.org / Weltbank
Libanon;2018;4,49;k.A.;SIPRI Military Expenditure Database / defensebudget.org / Weltbank
Libanon;2019;5,32;k.A.;SIPRI Military Expenditure Database / defensebudget.org / Weltbank
Libanon;2020;3,95;k.A.;SIPRI Military Expenditure Database / defensebudget.org / Weltbank
Libanon;2021;2,8;k.A.;SIPRI Military Expenditure Database / defensebudget.org / Weltbank
Libanon;2022;3,24;k.A.;SIPRI Military Expenditure Database / defensebudget.org / Weltbank
Libanon;2023;k.A.;k.A.;SIPRI Military Expenditure Database / defensebudget.org / Weltbank
Libanon;2024;k.A.;k.A.;SIPRI Military Expenditure Database / defensebudget.org / Weltbank
Libyen;2015;k.A.;k.A.;SIPRI Military Expenditure Database / defensebudget.org / Weltbank
Libyen;2016;k.A.;k.A.;SIPRI Military Expenditure Database / defensebudget.org / Weltbank
Libyen;2017;k.A.;k.A.;SIPRI Military Expenditure Database / defensebudget.org / Weltbank
Libyen;2018;k.A.;k.A.;SIPRI Military Expenditure Database / defensebudget.org / Weltbank
Libyen;2019;k.A.;k.A.;SIPRI Military Expenditure Database / defensebudget.org / Weltbank
Libyen;2020;k.A.;k.A.;SIPRI Military Expenditure Database / defensebudget.org / Weltbank
Libyen;2021;k.A.;k.A.;SIPRI Military Expenditure Database / defensebudget.org / Weltbank
Libyen;2022;k.A.;k.A.;SIPRI Military Expenditure Database / defensebudget.org / Weltbank
Libyen;2023;k.A.;k.A.;SIPRI Military Expenditure Database / defensebudget.org / Weltbank
Libyen;2024;k.A.;k.A.;SIPRI Military Expenditure Database / defensebudget.org / Weltbank
Litauen;2015;1,14;k.A.;SIPRI Military Expenditure Database / defensebudget.org / Weltbank
Litauen;2016;1,49;k.A.;SIPRI Military Expenditure Database / defensebudget.org / Weltbank
Litauen;2017;1,74;k.A.;SIPRI Military Expenditure Database / defensebudget.org / Weltbank
Litauen;2018;1,98;k.A.;SIPRI Military Expenditure Database / defensebudget.org / Weltbank
Litauen;2019;2,03;k.A.;SIPRI Military Expenditure Database / defensebudget.org / Weltbank
Litauen;2020;2,13;k.A.;SIPRI Military Expenditure Database / defensebudget.org / Weltbank
Litauen;2021;2,09;k.A.;SIPRI Military Expenditure Database / defensebudget.org / Weltbank
Litauen;2022;2,52;k.A.;SIPRI Military Expenditure Database / defensebudget.org / Weltbank
Litauen;2023;2,54;k.A.;SIPRI Military Expenditure Database / defensebudget.org / Weltbank
Litauen;2024;2,85;k.A.;SIPRI Military Expenditure Database / defensebudget.org / Weltbank
Luxemburg;2015;0,44;k.A.;SIPRI Military Expenditure Database / defensebudget.org / Weltbank
Luxemburg;2016;0,4;k.A.;SIPRI Military Expenditure Database / defensebudget.org / Weltbank
Luxemburg;2017;0,46;k.A.;SIPRI Military Expenditure Database / defensebudget.org / Weltbank
Luxemburg;2018;0,52;k.A.;SIPRI Military Expenditure Database / defensebudget.org / Weltbank
Luxemburg;2019;0,5;k.A.;SIPRI Military Expenditure Database / defensebudget.org / Weltbank
Luxemburg;2020;0,53;k.A.;SIPRI Military Expenditure Database / defensebudget.org / Weltbank
Luxemburg;2021;0,57;k.A.;SIPRI Military Expenditure Database / defensebudget.org / Weltbank
Luxemburg;2022;0,57;k.A.;SIPRI Military Expenditure Database / defensebudget.org / Weltbank
Luxemburg;2023;0,72;k.A.;SIPRI Military Expenditure Database / defensebudget.org / Weltbank
Luxemburg;2024;1,3;k.A.;SIPRI Military Expenditure Database / defensebudget.org / Weltbank
Malaysia;2015;1,56;k.A.;SIPRI Military Expenditure Database / defensebudget.org / Weltbank
Malaysia;2016;1,41;k.A.;SIPRI Military Expenditure Database / defensebudget.org / Weltbank
Malaysia;2017;1,09;k.A.;SIPRI Military Expenditure Database / defensebudget.org / Weltbank
Malaysia;2018;1,09;k.A.;SIPRI Military Expenditure Database / defensebudget.org / Weltbank
Malaysia;2019;1,06;k.A.;SIPRI Military Expenditure Database / defensebudget.org / Weltbank
Malaysia;2020;1,13;k.A.;SIPRI Military Expenditure Database / defensebudget.org / Weltbank
Malaysia;2021;1,11;k.A.;SIPRI Military Expenditure Database / defensebudget.org / Weltbank
Malaysia;2022;1,09;k.A.;SIPRI Military Expenditure Database / defensebudget.org / Weltbank
Malaysia;2023;1,04;k.A.;SIPRI Military Expenditure Database / defensebudget.org / Weltbank
Malaysia;2024;1,08;k.A.;SIPRI Military Expenditure Database / defensebudget.org / Weltbank
Mali;2015;2,13;k.A.;SIPRI Military Expenditure Database / defensebudget.org / Weltbank
Mali;2016;2,34;k.A.;SIPRI Military Expenditure Database / defensebudget.org / Weltbank
Mali;2017;2,46;k.A.;SIPRI Military Expenditure Database / defensebudget.org / Weltbank
Mali;2018;2,74;k.A.;SIPRI Military Expenditure Database / defensebudget.org / Weltbank
Mali;2019;2,99;k.A.;SIPRI Military Expenditure Database / defensebudget.org / Weltbank
Mali;2020;3,19;k.A.;SIPRI Military Expenditure Database / defensebudget.org / Weltbank
Mali;2021;3,5;k.A.;SIPRI Military Expenditure Database / defensebudget.org / Weltbank
Mali;2022;4,01;k.A.;SIPRI Military Expenditure Database / defensebudget.org / Weltbank
Mali;2023;4,55;k.A.;SIPRI Military Expenditure Database / defensebudget.org / Weltbank
Mali;2024;4,6;k.A.;SIPRI Military Expenditure Database / defensebudget.org / Weltbank
Malta;2015;0,51;k.A.;SIPRI Military Expenditure Database / defensebudget.org / Weltbank
Malta;2016;0,55;k.A.;SIPRI Military Expenditure Database / defensebudget.org / Weltbank
Malta;2017;0,53;k.A.;SIPRI Military Expenditure Database / defensebudget.org / Weltbank
Malta;2018;0,57;k.A.;SIPRI Military Expenditure Database / defensebudget.org / Weltbank
Malta;2019;0,52;k.A.;SIPRI Military Expenditure Database / defensebudget.org / Weltbank
Malta;2020;0,66;k.A.;SIPRI Military Expenditure Database / defensebudget.org / Weltbank
Malta;2021;0,59;k.A.;SIPRI Military Expenditure Database / defensebudget.org / Weltbank
Malta;2022;0,57;k.A.;SIPRI Military Expenditure Database / defensebudget.org / Weltbank
Malta;2023;0,63;k.A.;SIPRI Military Expenditure Database / defensebudget.org / Weltbank
Malta;2024;0,59;k.A.;SIPRI Military Expenditure Database / defensebudget.org / Weltbank
Marokko;2015;3,12;k.A.;SIPRI Military Expenditure Database / defensebudget.org / Weltbank
Marokko;2016;3,19;k.A.;SIPRI Military Expenditure Database / defensebudget.org / Weltbank
Marokko;2017;3,32;k.A.;SIPRI Military Expenditure Database / defensebudget.org / Weltbank
Marokko;2018;3,2;k.A.;SIPRI Military Expenditure Database / defensebudget.org / Weltbank
Marokko;2019;3,25;k.A.;SIPRI Military Expenditure Database / defensebudget.org / Weltbank
Marokko;2020;3,46;k.A.;SIPRI Military Expenditure Database / defensebudget.org / Weltbank
Marokko;2021;3,47;k.A.;SIPRI Military Expenditure Database / defensebudget.org / Weltbank
Marokko;2022;3,38;k.A.;SIPRI Military Expenditure Database / defensebudget.org / Weltbank
Marokko;2023;3,36;k.A.;SIPRI Military Expenditure Database / defensebudget.org / Weltbank
Marokko;2024;3,4;k.A.;SIPRI Military Expenditure Database / defensebudget.org / Weltbank
Mexiko;2015;0,58;k.A.;SIPRI Military Expenditure Database / defensebudget.org / Weltbank
Mexiko;2016;0,55;k.A.;SIPRI Military Expenditure Database / defensebudget.org / Weltbank
Mexiko;2017;0,55;k.A.;SIPRI Military Expenditure Database / defensebudget.org / Weltbank
Mexiko;2018;0,45;k.A.;SIPRI Military Expenditure Database / defensebudget.org / Weltbank
Mexiko;2019;0,42;k.A.;SIPRI Military Expenditure Database / defensebudget.org / Weltbank
Mexiko;2020;0,4;k.A.;SIPRI Military Expenditure Database / defensebudget.org / Weltbank
Mexiko;2021;0,43;k.A.;SIPRI Military Expenditure Database / defensebudget.org / Weltbank
Mexiko;2022;0,46;k.A.;SIPRI Military Expenditure Database / defensebudget.org / Weltbank
Mexiko;2023;0,48;k.A.;SIPRI Military Expenditure Database / defensebudget.org / Weltbank
Mexiko;2024;0,5;k.A.;SIPRI Military Expenditure Database / defensebudget.org / Weltbank
Moldau;2015;0,3;k.A.;SIPRI Military Expenditure Database / defensebudget.org / Weltbank
Moldau;2016;0,39;k.A.;SIPRI Military Expenditure Database / defensebudget.org / Weltbank
Moldau;2017;0,43;k.A.;SIPRI Military Expenditure Database / defensebudget.org / Weltbank
Moldau;2018;0,4;k.A.;SIPRI Military Expenditure Database / defensebudget.org / Weltbank
Moldau;2019;0,41;k.A.;SIPRI Military Expenditure Database / defensebudget.org / Weltbank
Moldau;2020;0,39;k.A.;SIPRI Military Expenditure Database / defensebudget.org / Weltbank
Moldau;2021;0,42;k.A.;SIPRI Military Expenditure Database / defensebudget.org / Weltbank
Moldau;2022;0,37;k.A.;SIPRI Military Expenditure Database / defensebudget.org / Weltbank
Moldau;2023;0,56;k.A.;SIPRI Military Expenditure Database / defensebudget.org / Weltbank
Moldau;2024;0,6;k.A.;SIPRI Military Expenditure Database / defensebudget.org / Weltbank
Mongolei;2015;0,75;k.A.;SIPRI Military Expenditure Database / defensebudget.org / Weltbank
Mongolei;2016;0,88;k.A.;SIPRI Military Expenditure Database / defensebudget.org / Weltbank
Mongolei;2017;0,86;k.A.;SIPRI Military Expenditure Database / defensebudget.org / Weltbank
Mongolei;2018;0,84;k.A.;SIPRI Military Expenditure Database / defensebudget.org / Weltbank
Mongolei;2019;0,8;k.A.;SIPRI Military Expenditure Database / defensebudget.org / Weltbank
Mongolei;2020;0,74;k.A.;SIPRI Military Expenditure Database / defensebudget.org / Weltbank
Mongolei;2021;0,74;k.A.;SIPRI Military Expenditure Database / defensebudget.org / Weltbank
Mongolei;2022;0,74;k.A.;SIPRI Military Expenditure Database / defensebudget.org / Weltbank
Mongolei;2023;0,73;k.A.;SIPRI Military Expenditure Database / defensebudget.org / Weltbank
Mongolei;2024;0,75;k.A.;SIPRI Military Expenditure Database / defensebudget.org / Weltbank
Montenegro;2015;1,58;k.A.;SIPRI Military Expenditure Database / defensebudget.org / Weltbank
Montenegro;2016;1,56;k.A.;SIPRI Military Expenditure Database / defensebudget.org / Weltbank
Montenegro;2017;1,34;k.A.;SIPRI Military Expenditure Database / defensebudget.org / Weltbank
Montenegro;2018;1,34;k.A.;SIPRI Military Expenditure Database / defensebudget.org / Weltbank
Montenegro;2019;1,56;k.A.;SIPRI Military Expenditure Database / defensebudget.org / Weltbank
Montenegro;2020;1,74;k.A.;SIPRI Military Expenditure Database / defensebudget.org / Weltbank
Montenegro;2021;1,77;k.A.;SIPRI Military Expenditure Database / defensebudget.org / Weltbank
Montenegro;2022;1,62;k.A.;SIPRI Military Expenditure Database / defensebudget.org / Weltbank
Montenegro;2023;1,93;k.A.;SIPRI Military Expenditure Database / defensebudget.org / Weltbank
Montenegro;2024;2,16;k.A.;SIPRI Military Expenditure Database / defensebudget.org / Weltbank
Mosambik;2015;0,93;k.A.;SIPRI Military Expenditure Database / defensebudget.org / Weltbank
Mosambik;2016;0,93;k.A.;SIPRI Military Expenditure Database / defensebudget.org / Weltbank
Mosambik;2017;0,97;k.A.;SIPRI Military Expenditure Database / defensebudget.org / Weltbank
Mosambik;2018;0,87;k.A.;SIPRI Military Expenditure Database / defensebudget.org / Weltbank
Mosambik;2019;0,91;k.A.;SIPRI Military Expenditure Database / defensebudget.org / Weltbank
Mosambik;2020;0,95;k.A.;SIPRI Military Expenditure Database / defensebudget.org / Weltbank
Mosambik;2021;0,95;k.A.;SIPRI Military Expenditure Database / defensebudget.org / Weltbank
Mosambik;2022;0,92;k.A.;SIPRI Military Expenditure Database / defensebudget.org / Weltbank
Mosambik;2023;0,91;k.A.;SIPRI Military Expenditure Database / defensebudget.org / Weltbank
Mosambik;2024;0,92;k.A.;SIPRI Military Expenditure Database / defensebudget.org / Weltbank
Myanmar;2015;4,06;k.A.;SIPRI Military Expenditure Database / defensebudget.org / Weltbank
Myanmar;2016;3,73;k.A.;SIPRI Military Expenditure Database / defensebudget.org / Weltbank
Myanmar;2017;3,59;k.A.;SIPRI Military Expenditure Database / defensebudget.org / Weltbank
Myanmar;2018;3,25;k.A.;SIPRI Military Expenditure Database / defensebudget.org / Weltbank
Myanmar;2019;3,04;k.A.;SIPRI Military Expenditure Database / defensebudget.org / Weltbank
Myanmar;2020;3,2;k.A.;SIPRI Military Expenditure Database / defensebudget.org / Weltbank
Myanmar;2021;4,0;k.A.;SIPRI Military Expenditure Database / defensebudget.org / Weltbank
Myanmar;2022;3,77;k.A.;SIPRI Military Expenditure Database / defensebudget.org / Weltbank
Myanmar;2023;3,9;k.A.;SIPRI Military Expenditure Database / defensebudget.org / Weltbank
Myanmar;2024;4,4;k.A.;SIPRI Military Expenditure Database / defensebudget.org / Weltbank
Nepal;2015;1,39;k.A.;SIPRI Military Expenditure Database / defensebudget.org / Weltbank
Nepal;2016;1,38;k.A.;SIPRI Military Expenditure Database / defensebudget.org / Weltbank
Nepal;2017;1,4;k.A.;SIPRI Military Expenditure Database / defensebudget.org / Weltbank
Nepal;2018;1,36;k.A.;SIPRI Military Expenditure Database / defensebudget.org / Weltbank
Nepal;2019;1,49;k.A.;SIPRI Military Expenditure Database / defensebudget.org / Weltbank
Nepal;2020;1,36;k.A.;SIPRI Military Expenditure Database / defensebudget.org / Weltbank
Nepal;2021;1,31;k.A.;SIPRI Military Expenditure Database / defensebudget.org / Weltbank
Nepal;2022;1,22;k.A.;SIPRI Military Expenditure Database / defensebudget.org / Weltbank
Nepal;2023;1,21;k.A.;SIPRI Military Expenditure Database / defensebudget.org / Weltbank
Nepal;2024;1,23;k.A.;SIPRI Military Expenditure Database / defensebudget.org / Weltbank
Neuseeland;2015;1,11;k.A.;SIPRI Military Expenditure Database / defensebudget.org / Weltbank
Neuseeland;2016;1,12;k.A.;SIPRI Military Expenditure Database / defensebudget.org / Weltbank
Neuseeland;2017;1,21;k.A.;SIPRI Military Expenditure Database / defensebudget.org / Weltbank
Neuseeland;2018;1,3;k.A.;SIPRI Military Expenditure Database / defensebudget.org / Weltbank
Neuseeland;2019;1,48;k.A.;SIPRI Military Expenditure Database / defensebudget.org / Weltbank
Neuseeland;2020;1,54;k.A.;SIPRI Military Expenditure Database / defensebudget.org / Weltbank
Neuseeland;2021;1,55;k.A.;SIPRI Military Expenditure Database / defensebudget.org / Weltbank
Neuseeland;2022;1,28;k.A.;SIPRI Military Expenditure Database / defensebudget.org / Weltbank
Neuseeland;2023;1,32;k.A.;SIPRI Military Expenditure Database / defensebudget.org / Weltbank
Neuseeland;2024;1,38;k.A.;SIPRI Military Expenditure Database / defensebudget.org / Weltbank
Niederlande;2015;1,13;9897;SIPRI Military Expenditure Database / defensebudget.org / Weltbank
Niederlande;2016;1,15;10214;SIPRI Military Expenditure Database / defensebudget.org / Weltbank
Niederlande;2017;1,15;10551;SIPRI Military Expenditure Database / defensebudget.org / Weltbank
Niederlande;2018;1,21;11399;SIPRI Military Expenditure Database / defensebudget.org / Weltbank
Niederlande;2019;1,35;13010;SIPRI Military Expenditure Database / defensebudget.org / Weltbank
Niederlande;2020;1,42;13714;SIPRI Military Expenditure Database / defensebudget.org / Weltbank
Niederlande;2021;1,42;14270;SIPRI Military Expenditure Database / defensebudget.org / Weltbank
Niederlande;2022;1,44;14834;SIPRI Military Expenditure Database / defensebudget.org / Weltbank
Niederlande;2023;1,59;17005;SIPRI Military Expenditure Database / defensebudget.org / Weltbank
Niederlande;2024;1,77;19700;SIPRI Military Expenditure Database / defensebudget.org / Weltbank
Nigeria;2015;0,42;k.A.;SIPRI Military Expenditure Database / defensebudget.org / Weltbank
Nigeria;2016;0,43;k.A.;SIPRI Military Expenditure Database / defensebudget.org / Weltbank
Nigeria;2017;0,46;k.A.;SIPRI Military Expenditure Database / defensebudget.org / Weltbank
Nigeria;2018;0,48;k.A.;SIPRI Military Expenditure Database / defensebudget.org / Weltbank
Nigeria;2019;0,49;k.A.;SIPRI Military Expenditure Database / defensebudget.org / Weltbank
Nigeria;2020;0,54;k.A.;SIPRI Military Expenditure Database / defensebudget.org / Weltbank
Nigeria;2021;0,57;k.A.;SIPRI Military Expenditure Database / defensebudget.org / Weltbank
Nigeria;2022;0,61;k.A.;SIPRI Military Expenditure Database / defensebudget.org / Weltbank
Nigeria;2023;0,59;k.A.;SIPRI Military Expenditure Database / defensebudget.org / Weltbank
Nigeria;2024;0,6;k.A.;SIPRI Military Expenditure Database / defensebudget.org / Weltbank
Nord-Korea;2015;k.A.;k.A.;SIPRI Military Expenditure Database / defensebudget.org / Weltbank
Nord-Korea;2016;k.A.;k.A.;SIPRI Military Expenditure Database / defensebudget.org / Weltbank
Nord-Korea;2017;k.A.;k.A.;SIPRI Military Expenditure Database / defensebudget.org / Weltbank
Nord-Korea;2018;k.A.;k.A.;SIPRI Military Expenditure Database / defensebudget.org / Weltbank
Nord-Korea;2019;k.A.;k.A.;SIPRI Military Expenditure Database / defensebudget.org / Weltbank
Nord-Korea;2020;k.A.;k.A.;SIPRI Military Expenditure Database / defensebudget.org / Weltbank
Nord-Korea;2021;k.A.;k.A.;SIPRI Military Expenditure Database / defensebudget.org / Weltbank
Nord-Korea;2022;k.A.;k.A.;SIPRI Military Expenditure Database / defensebudget.org / Weltbank
Nord-Korea;2023;k.A.;k.A.;SIPRI Military Expenditure Database / defensebudget.org / Weltbank
Nord-Korea;2024;k.A.;k.A.;SIPRI Military Expenditure Database / defensebudget.org / Weltbank
Nordmazedonien;2015;1,02;k.A.;SIPRI Military Expenditure Database / defensebudget.org / Weltbank
Nordmazedonien;2016;1,07;k.A.;SIPRI Military Expenditure Database / defensebudget.org / Weltbank
Nordmazedonien;2017;1,1;k.A.;SIPRI Military Expenditure Database / defensebudget.org / Weltbank
Nordmazedonien;2018;1,16;k.A.;SIPRI Military Expenditure Database / defensebudget.org / Weltbank
Nordmazedonien;2019;1,19;k.A.;SIPRI Military Expenditure Database / defensebudget.org / Weltbank
Nordmazedonien;2020;1,3;k.A.;SIPRI Military Expenditure Database / defensebudget.org / Weltbank
Nordmazedonien;2021;1,36;k.A.;SIPRI Military Expenditure Database / defensebudget.org / Weltbank
Nordmazedonien;2022;1,51;k.A.;SIPRI Military Expenditure Database / defensebudget.org / Weltbank
Nordmazedonien;2023;1,55;k.A.;SIPRI Military Expenditure Database / defensebudget.org / Weltbank
Nordmazedonien;2024;1,87;k.A.;SIPRI Military Expenditure Database / defensebudget.org / Weltbank
Norwegen;2015;1,51;6786;SIPRI Military Expenditure Database / defensebudget.org / Weltbank
Norwegen;2016;1,64;7345;SIPRI Military Expenditure Database / defensebudget.org / Weltbank
Norwegen;2017;1,67;7619;SIPRI Military Expenditure Database / defensebudget.org / Weltbank
Norwegen;2018;1,7;8004;SIPRI Military Expenditure Database / defensebudget.org / Weltbank
Norwegen;2019;1,86;8926;SIPRI Military Expenditure Database / defensebudget.org / Weltbank
Norwegen;2020;2,0;9497;SIPRI Military Expenditure Database / defensebudget.org / Weltbank
Norwegen;2021;1,84;9166;SIPRI Military Expenditure Database / defensebudget.org / Weltbank
Norwegen;2022;1,82;9334;SIPRI Military Expenditure Database / defensebudget.org / Weltbank
Norwegen;2023;1,84;9970;SIPRI Military Expenditure Database / defensebudget.org / Weltbank
Norwegen;2024;2,19;12200;SIPRI Military Expenditure Database / defensebudget.org / Weltbank
Oesterreich;2015;0,63;k.A.;SIPRI Military Expenditure Database / defensebudget.org / Weltbank
Oesterreich;2016;0,64;k.A.;SIPRI Military Expenditure Database / defensebudget.org / Weltbank
Oesterreich;2017;0,65;k.A.;SIPRI Military Expenditure Database / defensebudget.org / Weltbank
Oesterreich;2018;0,68;k.A.;SIPRI Military Expenditure Database / defensebudget.org / Weltbank
Oesterreich;2019;0,73;k.A.;SIPRI Military Expenditure Database / defensebudget.org / Weltbank
Oesterreich;2020;0,77;k.A.;SIPRI Military Expenditure Database / defensebudget.org / Weltbank
Oesterreich;2021;0,72;k.A.;SIPRI Military Expenditure Database / defensebudget.org / Weltbank
Oesterreich;2022;0,63;k.A.;SIPRI Military Expenditure Database / defensebudget.org / Weltbank
Oesterreich;2023;0,67;k.A.;SIPRI Military Expenditure Database / defensebudget.org / Weltbank
Oesterreich;2024;0,71;k.A.;SIPRI Military Expenditure Database / defensebudget.org / Weltbank
Oman;2015;15,0;k.A.;SIPRI Military Expenditure Database / defensebudget.org / Weltbank
Oman;2016;16,11;k.A.;SIPRI Military Expenditure Database / defensebudget.org / Weltbank
Oman;2017;12,28;k.A.;SIPRI Military Expenditure Database / defensebudget.org / Weltbank
Oman;2018;10,41;k.A.;SIPRI Military Expenditure Database / defensebudget.org / Weltbank
Oman;2019;9,76;k.A.;SIPRI Military Expenditure Database / defensebudget.org / Weltbank
Oman;2020;10,36;k.A.;SIPRI Military Expenditure Database / defensebudget.org / Weltbank
Oman;2021;8,34;k.A.;SIPRI Military Expenditure Database / defensebudget.org / Weltbank
Oman;2022;6,13;k.A.;SIPRI Military Expenditure Database / defensebudget.org / Weltbank
Oman;2023;5,42;k.A.;SIPRI Military Expenditure Database / defensebudget.org / Weltbank
Oman;2024;5,47;k.A.;SIPRI Military Expenditure Database / defensebudget.org / Weltbank
Pakistan;2015;3,47;k.A.;SIPRI Military Expenditure Database / defensebudget.org / Weltbank
Pakistan;2016;3,4;k.A.;SIPRI Military Expenditure Database / defensebudget.org / Weltbank
Pakistan;2017;3,51;k.A.;SIPRI Military Expenditure Database / defensebudget.org / Weltbank
Pakistan;2018;4,0;k.A.;SIPRI Military Expenditure Database / defensebudget.org / Weltbank
Pakistan;2019;3,94;k.A.;SIPRI Military Expenditure Database / defensebudget.org / Weltbank
Pakistan;2020;3,58;k.A.;SIPRI Military Expenditure Database / defensebudget.org / Weltbank
Pakistan;2021;3,42;k.A.;SIPRI Military Expenditure Database / defensebudget.org / Weltbank
Pakistan;2022;3,96;k.A.;SIPRI Military Expenditure Database / defensebudget.org / Weltbank
Pakistan;2023;4,02;k.A.;SIPRI Military Expenditure Database / defensebudget.org / Weltbank
Pakistan;2024;3,6;k.A.;SIPRI Military Expenditure Database / defensebudget.org / Weltbank
Paraguay;2015;1,15;k.A.;SIPRI Military Expenditure Database / defensebudget.org / Weltbank
Paraguay;2016;1,17;k.A.;SIPRI Military Expenditure Database / defensebudget.org / Weltbank
Paraguay;2017;1,14;k.A.;SIPRI Military Expenditure Database / defensebudget.org / Weltbank
Paraguay;2018;1,1;k.A.;SIPRI Military Expenditure Database / defensebudget.org / Weltbank
Paraguay;2019;1,05;k.A.;SIPRI Military Expenditure Database / defensebudget.org / Weltbank
Paraguay;2020;1,17;k.A.;SIPRI Military Expenditure Database / defensebudget.org / Weltbank
Paraguay;2021;1,1;k.A.;SIPRI Military Expenditure Database / defensebudget.org / Weltbank
Paraguay;2022;1,07;k.A.;SIPRI Military Expenditure Database / defensebudget.org / Weltbank
Paraguay;2023;1,08;k.A.;SIPRI Military Expenditure Database / defensebudget.org / Weltbank
Paraguay;2024;1,1;k.A.;SIPRI Military Expenditure Database / defensebudget.org / Weltbank
Peru;2015;1,58;k.A.;SIPRI Military Expenditure Database / defensebudget.org / Weltbank
Peru;2016;1,67;k.A.;SIPRI Military Expenditure Database / defensebudget.org / Weltbank
Peru;2017;1,64;k.A.;SIPRI Military Expenditure Database / defensebudget.org / Weltbank
Peru;2018;1,61;k.A.;SIPRI Military Expenditure Database / defensebudget.org / Weltbank
Peru;2019;1,69;k.A.;SIPRI Military Expenditure Database / defensebudget.org / Weltbank
Peru;2020;1,91;k.A.;SIPRI Military Expenditure Database / defensebudget.org / Weltbank
Peru;2021;1,61;k.A.;SIPRI Military Expenditure Database / defensebudget.org / Weltbank
Peru;2022;1,37;k.A.;SIPRI Military Expenditure Database / defensebudget.org / Weltbank
Peru;2023;1,26;k.A.;SIPRI Military Expenditure Database / defensebudget.org / Weltbank
Peru;2024;1,3;k.A.;SIPRI Military Expenditure Database / defensebudget.org / Weltbank
Philippinen;2015;1,13;k.A.;SIPRI Military Expenditure Database / defensebudget.org / Weltbank
Philippinen;2016;1,24;k.A.;SIPRI Military Expenditure Database / defensebudget.org / Weltbank
Philippinen;2017;1,25;k.A.;SIPRI Military Expenditure Database / defensebudget.org / Weltbank
Philippinen;2018;1,17;k.A.;SIPRI Military Expenditure Database / defensebudget.org / Weltbank
Philippinen;2019;1,1;k.A.;SIPRI Military Expenditure Database / defensebudget.org / Weltbank
Philippinen;2020;1,07;k.A.;SIPRI Military Expenditure Database / defensebudget.org / Weltbank
Philippinen;2021;1,17;k.A.;SIPRI Military Expenditure Database / defensebudget.org / Weltbank
Philippinen;2022;1,29;k.A.;SIPRI Military Expenditure Database / defensebudget.org / Weltbank
Philippinen;2023;1,38;k.A.;SIPRI Military Expenditure Database / defensebudget.org / Weltbank
Philippinen;2024;1,5;k.A.;SIPRI Military Expenditure Database / defensebudget.org / Weltbank
Polen;2015;2,21;10556;SIPRI Military Expenditure Database / defensebudget.org / Weltbank
Polen;2016;1,99;9934;SIPRI Military Expenditure Database / defensebudget.org / Weltbank
Polen;2017;1,91;10102;SIPRI Military Expenditure Database / defensebudget.org / Weltbank
Polen;2018;1,98;10999;SIPRI Military Expenditure Database / defensebudget.org / Weltbank
Polen;2019;2,0;11524;SIPRI Military Expenditure Database / defensebudget.org / Weltbank
Polen;2020;2,31;13152;SIPRI Military Expenditure Database / defensebudget.org / Weltbank
Polen;2021;2,39;14352;SIPRI Military Expenditure Database / defensebudget.org / Weltbank
Polen;2022;2,42;16024;SIPRI Military Expenditure Database / defensebudget.org / Weltbank
Polen;2023;3,9;29600;SIPRI Military Expenditure Database / defensebudget.org / Weltbank
Polen;2024;4,2;38000;SIPRI Military Expenditure Database / defensebudget.org / Weltbank
Portugal;2015;1,35;2869;SIPRI Military Expenditure Database / defensebudget.org / Weltbank
Portugal;2016;1,31;2920;SIPRI Military Expenditure Database / defensebudget.org / Weltbank
Portugal;2017;1,24;2897;SIPRI Military Expenditure Database / defensebudget.org / Weltbank
Portugal;2018;1,3;3101;SIPRI Military Expenditure Database / defensebudget.org / Weltbank
Portugal;2019;1,54;3765;SIPRI Military Expenditure Database / defensebudget.org / Weltbank
Portugal;2020;1,71;4093;SIPRI Military Expenditure Database / defensebudget.org / Weltbank
Portugal;2021;1,59;4019;SIPRI Military Expenditure Database / defensebudget.org / Weltbank
Portugal;2022;1,44;3867;SIPRI Military Expenditure Database / defensebudget.org / Weltbank
Portugal;2023;1,55;4413;SIPRI Military Expenditure Database / defensebudget.org / Weltbank
Portugal;2024;1,55;4620;SIPRI Military Expenditure Database / defensebudget.org / Weltbank
Ruanda;2015;1,23;k.A.;SIPRI Military Expenditure Database / defensebudget.org / Weltbank
Ruanda;2016;1,35;k.A.;SIPRI Military Expenditure Database / defensebudget.org / Weltbank
Ruanda;2017;1,32;k.A.;SIPRI Military Expenditure Database / defensebudget.org / Weltbank
Ruanda;2018;1,36;k.A.;SIPRI Military Expenditure Database / defensebudget.org / Weltbank
Ruanda;2019;1,33;k.A.;SIPRI Military Expenditure Database / defensebudget.org / Weltbank
Ruanda;2020;1,35;k.A.;SIPRI Military Expenditure Database / defensebudget.org / Weltbank
Ruanda;2021;1,25;k.A.;SIPRI Military Expenditure Database / defensebudget.org / Weltbank
Ruanda;2022;1,24;k.A.;SIPRI Military Expenditure Database / defensebudget.org / Weltbank
Ruanda;2023;1,25;k.A.;SIPRI Military Expenditure Database / defensebudget.org / Weltbank
Ruanda;2024;1,27;k.A.;SIPRI Military Expenditure Database / defensebudget.org / Weltbank
Rumaenien;2015;1,41;k.A.;SIPRI Military Expenditure Database / defensebudget.org / Weltbank
Rumaenien;2016;1,41;k.A.;SIPRI Military Expenditure Database / defensebudget.org / Weltbank
Rumaenien;2017;1,72;k.A.;SIPRI Military Expenditure Database / defensebudget.org / Weltbank
Rumaenien;2018;1,81;k.A.;SIPRI Military Expenditure Database / defensebudget.org / Weltbank
Rumaenien;2019;1,84;k.A.;SIPRI Military Expenditure Database / defensebudget.org / Weltbank
Rumaenien;2020;2,04;k.A.;SIPRI Military Expenditure Database / defensebudget.org / Weltbank
Rumaenien;2021;1,97;k.A.;SIPRI Military Expenditure Database / defensebudget.org / Weltbank
Rumaenien;2022;1,68;k.A.;SIPRI Military Expenditure Database / defensebudget.org / Weltbank
Rumaenien;2023;1,59;k.A.;SIPRI Military Expenditure Database / defensebudget.org / Weltbank
Rumaenien;2024;2,26;k.A.;SIPRI Military Expenditure Database / defensebudget.org / Weltbank
Russland;2015;4,01;60800;SIPRI Military Expenditure Database / defensebudget.org / Weltbank
Russland;2016;5,28;69200;SIPRI Military Expenditure Database / defensebudget.org / Weltbank
Russland;2017;4,17;61500;SIPRI Military Expenditure Database / defensebudget.org / Weltbank
Russland;2018;3,83;61400;SIPRI Military Expenditure Database / defensebudget.org / Weltbank
Russland;2019;3,75;65600;SIPRI Military Expenditure Database / defensebudget.org / Weltbank
Russland;2020;4,22;72000;SIPRI Military Expenditure Database / defensebudget.org / Weltbank
Russland;2021;4,07;71900;SIPRI Military Expenditure Database / defensebudget.org / Weltbank
Russland;2022;4,05;86300;SIPRI Military Expenditure Database / defensebudget.org / Weltbank
Russland;2023;5,91;109000;SIPRI Military Expenditure Database / defensebudget.org / Weltbank
Russland;2024;7,11;149000;SIPRI Military Expenditure Database / defensebudget.org / Weltbank
Saudi-Arabien;2015;5,51;80761;SIPRI Military Expenditure Database / defensebudget.org / Weltbank
Saudi-Arabien;2016;8,23;100000;SIPRI Military Expenditure Database / defensebudget.org / Weltbank
Saudi-Arabien;2017;6,78;83200;SIPRI Military Expenditure Database / defensebudget.org / Weltbank
Saudi-Arabien;2018;6,11;82900;SIPRI Military Expenditure Database / defensebudget.org / Weltbank
Saudi-Arabien;2019;5,97;83000;SIPRI Military Expenditure Database / defensebudget.org / Weltbank
Saudi-Arabien;2020;5,63;73500;SIPRI Military Expenditure Database / defensebudget.org / Weltbank
Saudi-Arabien;2021;5,57;77700;SIPRI Military Expenditure Database / defensebudget.org / Weltbank
Saudi-Arabien;2022;5,9;85000;SIPRI Military Expenditure Database / defensebudget.org / Weltbank
Saudi-Arabien;2023;4,0;75800;SIPRI Military Expenditure Database / defensebudget.org / Weltbank
Saudi-Arabien;2024;6,14;80000;SIPRI Military Expenditure Database / defensebudget.org / Weltbank
Schweden;2015;1,12;5714;SIPRI Military Expenditure Database / defensebudget.org / Weltbank
Schweden;2016;1,13;5989;SIPRI Military Expenditure Database / defensebudget.org / Weltbank
Schweden;2017;1,01;5651;SIPRI Military Expenditure Database / defensebudget.org / Weltbank
Schweden;2018;1,02;5844;SIPRI Military Expenditure Database / defensebudget.org / Weltbank
Schweden;2019;1,05;6146;SIPRI Military Expenditure Database / defensebudget.org / Weltbank
Schweden;2020;1,21;7024;SIPRI Military Expenditure Database / defensebudget.org / Weltbank
Schweden;2021;1,3;7736;SIPRI Military Expenditure Database / defensebudget.org / Weltbank
Schweden;2022;1,32;8200;SIPRI Military Expenditure Database / defensebudget.org / Weltbank
Schweden;2023;1,6;10040;SIPRI Military Expenditure Database / defensebudget.org / Weltbank
Schweden;2024;2,0;12000;SIPRI Military Expenditure Database / defensebudget.org / Weltbank
Schweiz;2015;0,74;k.A.;SIPRI Military Expenditure Database / defensebudget.org / Weltbank
Schweiz;2016;0,72;k.A.;SIPRI Military Expenditure Database / defensebudget.org / Weltbank
Schweiz;2017;0,7;k.A.;SIPRI Military Expenditure Database / defensebudget.org / Weltbank
Schweiz;2018;0,71;k.A.;SIPRI Military Expenditure Database / defensebudget.org / Weltbank
Schweiz;2019;0,72;k.A.;SIPRI Military Expenditure Database / defensebudget.org / Weltbank
Schweiz;2020;0,76;k.A.;SIPRI Military Expenditure Database / defensebudget.org / Weltbank
Schweiz;2021;0,72;k.A.;SIPRI Military Expenditure Database / defensebudget.org / Weltbank
Schweiz;2022;0,72;k.A.;SIPRI Military Expenditure Database / defensebudget.org / Weltbank
Schweiz;2023;0,72;k.A.;SIPRI Military Expenditure Database / defensebudget.org / Weltbank
Schweiz;2024;0,71;k.A.;SIPRI Military Expenditure Database / defensebudget.org / Weltbank
Senegal;2015;1,7;k.A.;SIPRI Military Expenditure Database / defensebudget.org / Weltbank
Senegal;2016;1,73;k.A.;SIPRI Military Expenditure Database / defensebudget.org / Weltbank
Senegal;2017;1,72;k.A.;SIPRI Military Expenditure Database / defensebudget.org / Weltbank
Senegal;2018;1,73;k.A.;SIPRI Military Expenditure Database / defensebudget.org / Weltbank
Senegal;2019;1,66;k.A.;SIPRI Military Expenditure Database / defensebudget.org / Weltbank
Senegal;2020;1,61;k.A.;SIPRI Military Expenditure Database / defensebudget.org / Weltbank
Senegal;2021;1,64;k.A.;SIPRI Military Expenditure Database / defensebudget.org / Weltbank
Senegal;2022;1,76;k.A.;SIPRI Military Expenditure Database / defensebudget.org / Weltbank
Senegal;2023;1,88;k.A.;SIPRI Military Expenditure Database / defensebudget.org / Weltbank
Senegal;2024;1,9;k.A.;SIPRI Military Expenditure Database / defensebudget.org / Weltbank
Serbien;2015;1,55;k.A.;SIPRI Military Expenditure Database / defensebudget.org / Weltbank
Serbien;2016;1,48;k.A.;SIPRI Military Expenditure Database / defensebudget.org / Weltbank
Serbien;2017;1,56;k.A.;SIPRI Military Expenditure Database / defensebudget.org / Weltbank
Serbien;2018;2,07;k.A.;SIPRI Military Expenditure Database / defensebudget.org / Weltbank
Serbien;2019;2,06;k.A.;SIPRI Military Expenditure Database / defensebudget.org / Weltbank
Serbien;2020;2,03;k.A.;SIPRI Military Expenditure Database / defensebudget.org / Weltbank
Serbien;2021;2,05;k.A.;SIPRI Military Expenditure Database / defensebudget.org / Weltbank
Serbien;2022;2,23;k.A.;SIPRI Military Expenditure Database / defensebudget.org / Weltbank
Serbien;2023;2,41;k.A.;SIPRI Military Expenditure Database / defensebudget.org / Weltbank
Serbien;2024;2,48;k.A.;SIPRI Military Expenditure Database / defensebudget.org / Weltbank
Singapur;2015;3,11;k.A.;SIPRI Military Expenditure Database / defensebudget.org / Weltbank
Singapur;2016;3,04;k.A.;SIPRI Military Expenditure Database / defensebudget.org / Weltbank
Singapur;2017;3,04;k.A.;SIPRI Military Expenditure Database / defensebudget.org / Weltbank
Singapur;2018;3,13;k.A.;SIPRI Military Expenditure Database / defensebudget.org / Weltbank
Singapur;2019;3,02;k.A.;SIPRI Military Expenditure Database / defensebudget.org / Weltbank
Singapur;2020;3,22;k.A.;SIPRI Military Expenditure Database / defensebudget.org / Weltbank
Singapur;2021;2,94;k.A.;SIPRI Military Expenditure Database / defensebudget.org / Weltbank
Singapur;2022;2,92;k.A.;SIPRI Military Expenditure Database / defensebudget.org / Weltbank
Singapur;2023;2,83;k.A.;SIPRI Military Expenditure Database / defensebudget.org / Weltbank
Singapur;2024;2,9;k.A.;SIPRI Military Expenditure Database / defensebudget.org / Weltbank
Slowakei;2015;1,12;k.A.;SIPRI Military Expenditure Database / defensebudget.org / Weltbank
Slowakei;2016;1,2;k.A.;SIPRI Military Expenditure Database / defensebudget.org / Weltbank
Slowakei;2017;1,1;k.A.;SIPRI Military Expenditure Database / defensebudget.org / Weltbank
Slowakei;2018;1,23;k.A.;SIPRI Military Expenditure Database / defensebudget.org / Weltbank
Slowakei;2019;1,74;k.A.;SIPRI Military Expenditure Database / defensebudget.org / Weltbank
Slowakei;2020;1,89;k.A.;SIPRI Military Expenditure Database / defensebudget.org / Weltbank
Slowakei;2021;1,73;k.A.;SIPRI Military Expenditure Database / defensebudget.org / Weltbank
Slowakei;2022;1,81;k.A.;SIPRI Military Expenditure Database / defensebudget.org / Weltbank
Slowakei;2023;1,96;k.A.;SIPRI Military Expenditure Database / defensebudget.org / Weltbank
Slowakei;2024;2,17;k.A.;SIPRI Military Expenditure Database / defensebudget.org / Weltbank
Slowenien;2015;0,93;k.A.;SIPRI Military Expenditure Database / defensebudget.org / Weltbank
Slowenien;2016;0,9;k.A.;SIPRI Military Expenditure Database / defensebudget.org / Weltbank
Slowenien;2017;0,88;k.A.;SIPRI Military Expenditure Database / defensebudget.org / Weltbank
Slowenien;2018;0,97;k.A.;SIPRI Military Expenditure Database / defensebudget.org / Weltbank
Slowenien;2019;1,04;k.A.;SIPRI Military Expenditure Database / defensebudget.org / Weltbank
Slowenien;2020;1,1;k.A.;SIPRI Military Expenditure Database / defensebudget.org / Weltbank
Slowenien;2021;1,22;k.A.;SIPRI Military Expenditure Database / defensebudget.org / Weltbank
Slowenien;2022;1,35;k.A.;SIPRI Military Expenditure Database / defensebudget.org / Weltbank
Slowenien;2023;1,35;k.A.;SIPRI Military Expenditure Database / defensebudget.org / Weltbank
Slowenien;2024;1,54;k.A.;SIPRI Military Expenditure Database / defensebudget.org / Weltbank
Spanien;2015;0,9;12285;SIPRI Military Expenditure Database / defensebudget.org / Weltbank
Spanien;2016;0,82;11634;SIPRI Military Expenditure Database / defensebudget.org / Weltbank
Spanien;2017;0,9;13050;SIPRI Military Expenditure Database / defensebudget.org / Weltbank
Spanien;2018;0,93;13909;SIPRI Military Expenditure Database / defensebudget.org / Weltbank
Spanien;2019;0,9;13751;SIPRI Military Expenditure Database / defensebudget.org / Weltbank
Spanien;2020;1,0;14755;SIPRI Military Expenditure Database / defensebudget.org / Weltbank
Spanien;2021;1,02;15384;SIPRI Military Expenditure Database / defensebudget.org / Weltbank
Spanien;2022;1,01;15834;SIPRI Military Expenditure Database / defensebudget.org / Weltbank
Spanien;2023;1,26;20100;SIPRI Military Expenditure Database / defensebudget.org / Weltbank
Spanien;2024;1,28;21100;SIPRI Military Expenditure Database / defensebudget.org / Weltbank
Sri Lanka;2015;2,31;k.A.;SIPRI Military Expenditure Database / defensebudget.org / Weltbank
Sri Lanka;2016;2,44;k.A.;SIPRI Military Expenditure Database / defensebudget.org / Weltbank
Sri Lanka;2017;2,28;k.A.;SIPRI Military Expenditure Database / defensebudget.org / Weltbank
Sri Lanka;2018;1,96;k.A.;SIPRI Military Expenditure Database / defensebudget.org / Weltbank
Sri Lanka;2019;1,81;k.A.;SIPRI Military Expenditure Database / defensebudget.org / Weltbank
Sri Lanka;2020;1,99;k.A.;SIPRI Military Expenditure Database / defensebudget.org / Weltbank
Sri Lanka;2021;1,94;k.A.;SIPRI Military Expenditure Database / defensebudget.org / Weltbank
Sri Lanka;2022;1,64;k.A.;SIPRI Military Expenditure Database / defensebudget.org / Weltbank
Sri Lanka;2023;1,67;k.A.;SIPRI Military Expenditure Database / defensebudget.org / Weltbank
Sri Lanka;2024;1,7;k.A.;SIPRI Military Expenditure Database / defensebudget.org / Weltbank
Sudan;2015;1,72;k.A.;SIPRI Military Expenditure Database / defensebudget.org / Weltbank
Sudan;2016;1,92;k.A.;SIPRI Military Expenditure Database / defensebudget.org / Weltbank
Sudan;2017;1,84;k.A.;SIPRI Military Expenditure Database / defensebudget.org / Weltbank
Sudan;2018;1,97;k.A.;SIPRI Military Expenditure Database / defensebudget.org / Weltbank
Sudan;2019;1,86;k.A.;SIPRI Military Expenditure Database / defensebudget.org / Weltbank
Sudan;2020;1,99;k.A.;SIPRI Military Expenditure Database / defensebudget.org / Weltbank
Sudan;2021;2,42;k.A.;SIPRI Military Expenditure Database / defensebudget.org / Weltbank
Sudan;2022;2,15;k.A.;SIPRI Military Expenditure Database / defensebudget.org / Weltbank
Sudan;2023;2,2;k.A.;SIPRI Military Expenditure Database / defensebudget.org / Weltbank
Sudan;2024;2,25;k.A.;SIPRI Military Expenditure Database / defensebudget.org / Weltbank
Suedafrika;2015;1,12;k.A.;SIPRI Military Expenditure Database / defensebudget.org / Weltbank
Suedafrika;2016;1,11;k.A.;SIPRI Military Expenditure Database / defensebudget.org / Weltbank
Suedafrika;2017;1,02;k.A.;SIPRI Military Expenditure Database / defensebudget.org / Weltbank
Suedafrika;2018;1,0;k.A.;SIPRI Military Expenditure Database / defensebudget.org / Weltbank
Suedafrika;2019;0,96;k.A.;SIPRI Military Expenditure Database / defensebudget.org / Weltbank
Suedafrika;2020;1,08;k.A.;SIPRI Military Expenditure Database / defensebudget.org / Weltbank
Suedafrika;2021;0,97;k.A.;SIPRI Military Expenditure Database / defensebudget.org / Weltbank
Suedafrika;2022;0,92;k.A.;SIPRI Military Expenditure Database / defensebudget.org / Weltbank
Suedafrika;2023;0,72;k.A.;SIPRI Military Expenditure Database / defensebudget.org / Weltbank
Suedafrika;2024;0,74;k.A.;SIPRI Military Expenditure Database / defensebudget.org / Weltbank
Suedkorea;2015;2,63;33500;SIPRI Military Expenditure Database / defensebudget.org / Weltbank
Suedkorea;2016;2,6;34900;SIPRI Military Expenditure Database / defensebudget.org / Weltbank
Suedkorea;2017;2,58;36600;SIPRI Military Expenditure Database / defensebudget.org / Weltbank
Suedkorea;2018;2,55;39200;SIPRI Military Expenditure Database / defensebudget.org / Weltbank
Suedkorea;2019;2,65;43900;SIPRI Military Expenditure Database / defensebudget.org / Weltbank
Suedkorea;2020;2,8;45700;SIPRI Military Expenditure Database / defensebudget.org / Weltbank
Suedkorea;2021;2,62;44700;SIPRI Military Expenditure Database / defensebudget.org / Weltbank
Suedkorea;2022;2,64;46400;SIPRI Military Expenditure Database / defensebudget.org / Weltbank
Suedkorea;2023;2,63;47600;SIPRI Military Expenditure Database / defensebudget.org / Weltbank
Suedkorea;2024;2,6;47600;SIPRI Military Expenditure Database / defensebudget.org / Weltbank
Syrien;2015;k.A.;k.A.;SIPRI Military Expenditure Database / defensebudget.org / Weltbank
Syrien;2016;k.A.;k.A.;SIPRI Military Expenditure Database / defensebudget.org / Weltbank
Syrien;2017;k.A.;k.A.;SIPRI Military Expenditure Database / defensebudget.org / Weltbank
Syrien;2018;k.A.;k.A.;SIPRI Military Expenditure Database / defensebudget.org / Weltbank
Syrien;2019;k.A.;k.A.;SIPRI Military Expenditure Database / defensebudget.org / Weltbank
Syrien;2020;k.A.;k.A.;SIPRI Military Expenditure Database / defensebudget.org / Weltbank
Syrien;2021;k.A.;k.A.;SIPRI Military Expenditure Database / defensebudget.org / Weltbank
Syrien;2022;k.A.;k.A.;SIPRI Military Expenditure Database / defensebudget.org / Weltbank
Syrien;2023;k.A.;k.A.;SIPRI Military Expenditure Database / defensebudget.org / Weltbank
Syrien;2024;k.A.;k.A.;SIPRI Military Expenditure Database / defensebudget.org / Weltbank
Taiwan;2015;1,72;k.A.;SIPRI Military Expenditure Database / defensebudget.org / Weltbank
Taiwan;2016;1,73;k.A.;SIPRI Military Expenditure Database / defensebudget.org / Weltbank
Taiwan;2017;1,84;k.A.;SIPRI Military Expenditure Database / defensebudget.org / Weltbank
Taiwan;2018;1,72;k.A.;SIPRI Military Expenditure Database / defensebudget.org / Weltbank
Taiwan;2019;1,8;k.A.;SIPRI Military Expenditure Database / defensebudget.org / Weltbank
Taiwan;2020;2,07;k.A.;SIPRI Military Expenditure Database / defensebudget.org / Weltbank
Taiwan;2021;2,11;k.A.;SIPRI Military Expenditure Database / defensebudget.org / Weltbank
Taiwan;2022;2,14;k.A.;SIPRI Military Expenditure Database / defensebudget.org / Weltbank
Taiwan;2023;2,55;k.A.;SIPRI Military Expenditure Database / defensebudget.org / Weltbank
Taiwan;2024;2,45;k.A.;SIPRI Military Expenditure Database / defensebudget.org / Weltbank
Tansania;2015;1,1;k.A.;SIPRI Military Expenditure Database / defensebudget.org / Weltbank
Tansania;2016;1,14;k.A.;SIPRI Military Expenditure Database / defensebudget.org / Weltbank
Tansania;2017;1,17;k.A.;SIPRI Military Expenditure Database / defensebudget.org / Weltbank
Tansania;2018;1,14;k.A.;SIPRI Military Expenditure Database / defensebudget.org / Weltbank
Tansania;2019;1,18;k.A.;SIPRI Military Expenditure Database / defensebudget.org / Weltbank
Tansania;2020;1,24;k.A.;SIPRI Military Expenditure Database / defensebudget.org / Weltbank
Tansania;2021;1,19;k.A.;SIPRI Military Expenditure Database / defensebudget.org / Weltbank
Tansania;2022;1,1;k.A.;SIPRI Military Expenditure Database / defensebudget.org / Weltbank
Tansania;2023;1,12;k.A.;SIPRI Military Expenditure Database / defensebudget.org / Weltbank
Tansania;2024;1,14;k.A.;SIPRI Military Expenditure Database / defensebudget.org / Weltbank
Thailand;2015;1,43;k.A.;SIPRI Military Expenditure Database / defensebudget.org / Weltbank
Thailand;2016;1,45;k.A.;SIPRI Military Expenditure Database / defensebudget.org / Weltbank
Thailand;2017;1,41;k.A.;SIPRI Military Expenditure Database / defensebudget.org / Weltbank
Thailand;2018;1,3;k.A.;SIPRI Military Expenditure Database / defensebudget.org / Weltbank
Thailand;2019;1,32;k.A.;SIPRI Military Expenditure Database / defensebudget.org / Weltbank
Thailand;2020;1,36;k.A.;SIPRI Military Expenditure Database / defensebudget.org / Weltbank
Thailand;2021;1,4;k.A.;SIPRI Military Expenditure Database / defensebudget.org / Weltbank
Thailand;2022;1,34;k.A.;SIPRI Military Expenditure Database / defensebudget.org / Weltbank
Thailand;2023;1,3;k.A.;SIPRI Military Expenditure Database / defensebudget.org / Weltbank
Thailand;2024;1,33;k.A.;SIPRI Military Expenditure Database / defensebudget.org / Weltbank
Tschechien;2015;1,0;k.A.;SIPRI Military Expenditure Database / defensebudget.org / Weltbank
Tschechien;2016;0,96;k.A.;SIPRI Military Expenditure Database / defensebudget.org / Weltbank
Tschechien;2017;1,04;k.A.;SIPRI Military Expenditure Database / defensebudget.org / Weltbank
Tschechien;2018;1,13;k.A.;SIPRI Military Expenditure Database / defensebudget.org / Weltbank
Tschechien;2019;1,19;k.A.;SIPRI Military Expenditure Database / defensebudget.org / Weltbank
Tschechien;2020;1,38;k.A.;SIPRI Military Expenditure Database / defensebudget.org / Weltbank
Tschechien;2021;1,41;k.A.;SIPRI Military Expenditure Database / defensebudget.org / Weltbank
Tschechien;2022;1,39;k.A.;SIPRI Military Expenditure Database / defensebudget.org / Weltbank
Tschechien;2023;1,5;k.A.;SIPRI Military Expenditure Database / defensebudget.org / Weltbank
Tschechien;2024;1,56;k.A.;SIPRI Military Expenditure Database / defensebudget.org / Weltbank
Tuerkei;2015;1,83;10618;SIPRI Military Expenditure Database / defensebudget.org / Weltbank
Tuerkei;2016;1,94;11107;SIPRI Military Expenditure Database / defensebudget.org / Weltbank
Tuerkei;2017;2,09;12128;SIPRI Military Expenditure Database / defensebudget.org / Weltbank
Tuerkei;2018;2,08;12120;SIPRI Military Expenditure Database / defensebudget.org / Weltbank
Tuerkei;2019;1,88;10926;SIPRI Military Expenditure Database / defensebudget.org / Weltbank
Tuerkei;2020;1,88;10936;SIPRI Military Expenditure Database / defensebudget.org / Weltbank
Tuerkei;2021;1,62;9414;SIPRI Military Expenditure Database / defensebudget.org / Weltbank
Tuerkei;2022;1,31;7614;SIPRI Military Expenditure Database / defensebudget.org / Weltbank
Tuerkei;2023;1,38;8022;SIPRI Military Expenditure Database / defensebudget.org / Weltbank
Tuerkei;2024;1,59;9234;SIPRI Military Expenditure Database / defensebudget.org / Weltbank
Tunesien;2015;2,27;k.A.;SIPRI Military Expenditure Database / defensebudget.org / Weltbank
Tunesien;2016;2,42;k.A.;SIPRI Military Expenditure Database / defensebudget.org / Weltbank
Tunesien;2017;2,45;k.A.;SIPRI Military Expenditure Database / defensebudget.org / Weltbank
Tunesien;2018;2,33;k.A.;SIPRI Military Expenditure Database / defensebudget.org / Weltbank
Tunesien;2019;2,63;k.A.;SIPRI Military Expenditure Database / defensebudget.org / Weltbank
Tunesien;2020;2,8;k.A.;SIPRI Military Expenditure Database / defensebudget.org / Weltbank
Tunesien;2021;2,96;k.A.;SIPRI Military Expenditure Database / defensebudget.org / Weltbank
Tunesien;2022;2,8;k.A.;SIPRI Military Expenditure Database / defensebudget.org / Weltbank
Tunesien;2023;2,66;k.A.;SIPRI Military Expenditure Database / defensebudget.org / Weltbank
Tunesien;2024;2,7;k.A.;SIPRI Military Expenditure Database / defensebudget.org / Weltbank
USA;2015;3,21;623450;SIPRI Military Expenditure Database / defensebudget.org / Weltbank
USA;2016;3,17;634700;SIPRI Military Expenditure Database / defensebudget.org / Weltbank
USA;2017;3,15;649800;SIPRI Military Expenditure Database / defensebudget.org / Weltbank
USA;2018;3,24;682400;SIPRI Military Expenditure Database / defensebudget.org / Weltbank
USA;2019;3,39;731800;SIPRI Military Expenditure Database / defensebudget.org / Weltbank
USA;2020;3,74;817800;SIPRI Military Expenditure Database / defensebudget.org / Weltbank
USA;2021;3,54;800300;SIPRI Military Expenditure Database / defensebudget.org / Weltbank
USA;2022;3,45;800900;SIPRI Military Expenditure Database / defensebudget.org / Weltbank
USA;2023;3,38;820300;SIPRI Military Expenditure Database / defensebudget.org / Weltbank
USA;2024;3,38;997000;SIPRI Military Expenditure Database / defensebudget.org / Weltbank
Uganda;2015;1,26;k.A.;SIPRI Military Expenditure Database / defensebudget.org / Weltbank
Uganda;2016;1,35;k.A.;SIPRI Military Expenditure Database / defensebudget.org / Weltbank
Uganda;2017;1,4;k.A.;SIPRI Military Expenditure Database / defensebudget.org / Weltbank
Uganda;2018;1,37;k.A.;SIPRI Military Expenditure Database / defensebudget.org / Weltbank
Uganda;2019;1,52;k.A.;SIPRI Military Expenditure Database / defensebudget.org / Weltbank
Uganda;2020;1,98;k.A.;SIPRI Military Expenditure Database / defensebudget.org / Weltbank
Uganda;2021;2,15;k.A.;SIPRI Military Expenditure Database / defensebudget.org / Weltbank
Uganda;2022;2,24;k.A.;SIPRI Military Expenditure Database / defensebudget.org / Weltbank
Uganda;2023;2,2;k.A.;SIPRI Military Expenditure Database / defensebudget.org / Weltbank
Uganda;2024;2,22;k.A.;SIPRI Military Expenditure Database / defensebudget.org / Weltbank
Ukraine;2015;3,38;k.A.;SIPRI Military Expenditure Database / defensebudget.org / Weltbank
Ukraine;2016;3,41;k.A.;SIPRI Military Expenditure Database / defensebudget.org / Weltbank
Ukraine;2017;3,28;k.A.;SIPRI Military Expenditure Database / defensebudget.org / Weltbank
Ukraine;2018;3,71;k.A.;SIPRI Military Expenditure Database / defensebudget.org / Weltbank
Ukraine;2019;3,39;k.A.;SIPRI Military Expenditure Database / defensebudget.org / Weltbank
Ukraine;2020;3,99;k.A.;SIPRI Military Expenditure Database / defensebudget.org / Weltbank
Ukraine;2021;3,59;k.A.;SIPRI Military Expenditure Database / defensebudget.org / Weltbank
Ukraine;2022;36,74;k.A.;SIPRI Military Expenditure Database / defensebudget.org / Weltbank
Ukraine;2023;37,01;k.A.;SIPRI Military Expenditure Database / defensebudget.org / Weltbank
Ukraine;2024;35,25;k.A.;SIPRI Military Expenditure Database / defensebudget.org / Weltbank
Ungarn;2015;0,9;k.A.;SIPRI Military Expenditure Database / defensebudget.org / Weltbank
Ungarn;2016;0,9;k.A.;SIPRI Military Expenditure Database / defensebudget.org / Weltbank
Ungarn;2017;1,01;k.A.;SIPRI Military Expenditure Database / defensebudget.org / Weltbank
Ungarn;2018;1,0;k.A.;SIPRI Military Expenditure Database / defensebudget.org / Weltbank
Ungarn;2019;1,25;k.A.;SIPRI Military Expenditure Database / defensebudget.org / Weltbank
Ungarn;2020;1,72;k.A.;SIPRI Military Expenditure Database / defensebudget.org / Weltbank
Ungarn;2021;1,64;k.A.;SIPRI Military Expenditure Database / defensebudget.org / Weltbank
Ungarn;2022;1,72;k.A.;SIPRI Military Expenditure Database / defensebudget.org / Weltbank
Ungarn;2023;2,08;k.A.;SIPRI Military Expenditure Database / defensebudget.org / Weltbank
Ungarn;2024;2,1;k.A.;SIPRI Military Expenditure Database / defensebudget.org / Weltbank
Uruguay;2015;1,93;k.A.;SIPRI Military Expenditure Database / defensebudget.org / Weltbank
Uruguay;2016;1,98;k.A.;SIPRI Military Expenditure Database / defensebudget.org / Weltbank
Uruguay;2017;2,09;k.A.;SIPRI Military Expenditure Database / defensebudget.org / Weltbank
Uruguay;2018;2,05;k.A.;SIPRI Military Expenditure Database / defensebudget.org / Weltbank
Uruguay;2019;2,01;k.A.;SIPRI Military Expenditure Database / defensebudget.org / Weltbank
Uruguay;2020;2,25;k.A.;SIPRI Military Expenditure Database / defensebudget.org / Weltbank
Uruguay;2021;2,08;k.A.;SIPRI Military Expenditure Database / defensebudget.org / Weltbank
Uruguay;2022;1,94;k.A.;SIPRI Military Expenditure Database / defensebudget.org / Weltbank
Uruguay;2023;1,87;k.A.;SIPRI Military Expenditure Database / defensebudget.org / Weltbank
Uruguay;2024;1,9;k.A.;SIPRI Military Expenditure Database / defensebudget.org / Weltbank
Usbekistan;2015;2,75;k.A.;SIPRI Military Expenditure Database / defensebudget.org / Weltbank
Usbekistan;2016;2,01;k.A.;SIPRI Military Expenditure Database / defensebudget.org / Weltbank
Usbekistan;2017;1,86;k.A.;SIPRI Military Expenditure Database / defensebudget.org / Weltbank
Usbekistan;2018;2,97;k.A.;SIPRI Military Expenditure Database / defensebudget.org / Weltbank
Usbekistan;2019;1,88;k.A.;SIPRI Military Expenditure Database / defensebudget.org / Weltbank
Usbekistan;2020;2,12;k.A.;SIPRI Military Expenditure Database / defensebudget.org / Weltbank
Usbekistan;2021;2,0;k.A.;SIPRI Military Expenditure Database / defensebudget.org / Weltbank
Usbekistan;2022;1,59;k.A.;SIPRI Military Expenditure Database / defensebudget.org / Weltbank
Usbekistan;2023;1,46;k.A.;SIPRI Military Expenditure Database / defensebudget.org / Weltbank
Usbekistan;2024;1,5;k.A.;SIPRI Military Expenditure Database / defensebudget.org / Weltbank
VAE;2015;5,61;k.A.;SIPRI Military Expenditure Database / defensebudget.org / Weltbank
VAE;2016;5,68;k.A.;SIPRI Military Expenditure Database / defensebudget.org / Weltbank
VAE;2017;5,6;k.A.;SIPRI Military Expenditure Database / defensebudget.org / Weltbank
VAE;2018;5,58;k.A.;SIPRI Military Expenditure Database / defensebudget.org / Weltbank
VAE;2019;5,34;k.A.;SIPRI Military Expenditure Database / defensebudget.org / Weltbank
VAE;2020;5,59;k.A.;SIPRI Military Expenditure Database / defensebudget.org / Weltbank
VAE;2021;5,62;k.A.;SIPRI Military Expenditure Database / defensebudget.org / Weltbank
VAE;2022;5,28;k.A.;SIPRI Military Expenditure Database / defensebudget.org / Weltbank
VAE;2023;4,5;k.A.;SIPRI Military Expenditure Database / defensebudget.org / Weltbank
VAE;2024;4,7;k.A.;SIPRI Military Expenditure Database / defensebudget.org / Weltbank
Venezuela;2015;1,05;k.A.;SIPRI Military Expenditure Database / defensebudget.org / Weltbank
Venezuela;2016;0,56;k.A.;SIPRI Military Expenditure Database / defensebudget.org / Weltbank
Venezuela;2017;0,43;k.A.;SIPRI Military Expenditure Database / defensebudget.org / Weltbank
Venezuela;2018;k.A.;k.A.;SIPRI Military Expenditure Database / defensebudget.org / Weltbank
Venezuela;2019;0,36;k.A.;SIPRI Military Expenditure Database / defensebudget.org / Weltbank
Venezuela;2020;0,27;k.A.;SIPRI Military Expenditure Database / defensebudget.org / Weltbank
Venezuela;2021;0,34;k.A.;SIPRI Military Expenditure Database / defensebudget.org / Weltbank
Venezuela;2022;k.A.;k.A.;SIPRI Military Expenditure Database / defensebudget.org / Weltbank
Venezuela;2023;k.A.;k.A.;SIPRI Military Expenditure Database / defensebudget.org / Weltbank
Venezuela;2024;k.A.;k.A.;SIPRI Military Expenditure Database / defensebudget.org / Weltbank
Vietnam;2015;2,37;k.A.;SIPRI Military Expenditure Database / defensebudget.org / Weltbank
Vietnam;2016;2,36;k.A.;SIPRI Military Expenditure Database / defensebudget.org / Weltbank
Vietnam;2017;2,29;k.A.;SIPRI Military Expenditure Database / defensebudget.org / Weltbank
Vietnam;2018;2,3;k.A.;SIPRI Military Expenditure Database / defensebudget.org / Weltbank
Vietnam;2019;2,17;k.A.;SIPRI Military Expenditure Database / defensebudget.org / Weltbank
Vietnam;2020;2,35;k.A.;SIPRI Military Expenditure Database / defensebudget.org / Weltbank
Vietnam;2021;2,24;k.A.;SIPRI Military Expenditure Database / defensebudget.org / Weltbank
Vietnam;2022;2,31;k.A.;SIPRI Military Expenditure Database / defensebudget.org / Weltbank
Vietnam;2023;2,19;k.A.;SIPRI Military Expenditure Database / defensebudget.org / Weltbank
Vietnam;2024;2,2;k.A.;SIPRI Military Expenditure Database / defensebudget.org / Weltbank
Zimbabwe;2015;k.A.;k.A.;SIPRI Military Expenditure Database / defensebudget.org / Weltbank
Zimbabwe;2016;k.A.;k.A.;SIPRI Military Expenditure Database / defensebudget.org / Weltbank
Zimbabwe;2017;k.A.;k.A.;SIPRI Military Expenditure Database / defensebudget.org / Weltbank
Zimbabwe;2018;1,5;k.A.;SIPRI Military Expenditure Database / defensebudget.org / Weltbank
Zimbabwe;2019;0,73;k.A.;SIPRI Military Expenditure Database / defensebudget.org / Weltbank
Zimbabwe;2020;0,98;k.A.;SIPRI Military Expenditure Database / defensebudget.org / Weltbank
Zimbabwe;2021;0,75;k.A.;SIPRI Military Expenditure Database / defensebudget.org / Weltbank
Zimbabwe;2022;0,63;k.A.;SIPRI Military Expenditure Database / defensebudget.org / Weltbank
Zimbabwe;2023;0,71;k.A.;SIPRI Military Expenditure Database / defensebudget.org / Weltbank
Zimbabwe;2024;0,73;k.A.;SIPRI Military Expenditure Database / defensebudget.org / Weltbank
Zypern;2015;1,65;k.A.;SIPRI Military Expenditure Database / defensebudget.org / Weltbank
Zypern;2016;1,73;k.A.;SIPRI Military Expenditure Database / defensebudget.org / Weltbank
Zypern;2017;1,6;k.A.;SIPRI Military Expenditure Database / defensebudget.org / Weltbank
Zypern;2018;1,77;k.A.;SIPRI Military Expenditure Database / defensebudget.org / Weltbank
Zypern;2019;1,84;k.A.;SIPRI Military Expenditure Database / defensebudget.org / Weltbank
Zypern;2020;1,72;k.A.;SIPRI Military Expenditure Database / defensebudget.org / Weltbank
Zypern;2021;1,86;k.A.;SIPRI Military Expenditure Database / defensebudget.org / Weltbank
Zypern;2022;1,79;k.A.;SIPRI Military Expenditure Database / defensebudget.org / Weltbank
Zypern;2023;1,84;k.A.;SIPRI Military Expenditure Database / defensebudget.org / Weltbank
Zypern;2024;1,9;k.A.;SIPRI Military Expenditure Database / defensebudget.org / Weltbank
